id,title,subCategory(SubCategory|name),company(Company|name),description,preparation,personalOrGroup,refundInfomation,priceOfDay,countOfMonth,priceOfMonth
1,[초보전용] 역삼역 3분 직장인 취미 우쿨렐레 클래스,ukulele,매치 스튜디오,퇴근 후 쉽고 재밌게 우쿨렐레를 배워보세요,없음,personal,클래스 수강 이전 : 전액 환불\n클래스 시작 후 : 환불 불가,20000,8,155000
2,[초보전용] 역삼역 3분 직장인 취미 우쿨렐레 클래스,ukulele,매치 스튜디오,퇴근 후 쉽고 재밌게 우쿨렐레를 배워보세요,없음,personal,클래스 수강 이전 : 전액 환불\n클래스 시작 후 : 환불 불가,20000,8,155000
3,[초보전용] 역삼역 3분 직장인 취미 우쿨렐레 클래스,ukulele,매치 스튜디오,퇴근 후 쉽고 재밌게 우쿨렐레를 배워보세요,없음,personal,클래스 수강 이전 : 전액 환불\n클래스 시작 후 : 환불 불가,20000,8,155000
4,[초보전용] 역삼역 3분 직장인 취미 우쿨렐레 클래스,ukulele,매치 스튜디오,퇴근 후 쉽고 재밌게 우쿨렐레를 배워보세요,없음,personal,클래스 수강 이전 : 전액 환불\n클래스 시작 후 : 환불 불가,20000,8,155000
5,[초보전용] 역삼역 3분 직장인 취미 우쿨렐레 클래스,ukulele,매치 스튜디오,퇴근 후 쉽고 재밌게 우쿨렐레를 배워보세요,없음,personal,클래스 수강 이전 : 전액 환불\n클래스 시작 후 : 환불 불가,20000,8,155000
6,[초보전용] 역삼역 3분 직장인 취미 우쿨렐레 클래스,ukulele,매치 스튜디오,퇴근 후 쉽고 재밌게 우쿨렐레를 배워보세요,없음,personal,클래스 수강 이전 : 전액 환불\n클래스 시작 후 : 환불 불가,20000,8,155000
7,[초보전용] 역삼역 3분 직장인 취미 우쿨렐레 클래스,ukulele,매치 스튜디오,퇴근 후 쉽고 재밌게 우쿨렐레를 배워보세요,없음,personal,클래스 수강 이전 : 전액 환불\n클래스 시작 후 : 환불 불가,20000,8,155000
8,[초보전용] 역삼역 3분 직장인 취미 우쿨렐레 클래스,ukulele,매치 스튜디오,퇴근 후 쉽고 재밌게 우쿨렐레를 배워보세요,없음,personal,클래스 수강 이전 : 전액 환불\n클래스 시작 후 : 환불 불가,20000,8,155000
9,[초보전용] 역삼역 3분 직장인 취미 우쿨렐레 클래스,ukulele,매치 스튜디오,퇴근 후 쉽고 재밌게 우쿨렐레를 배워보세요,없음,personal,클래스 수강 이전 : 전액 환불\n클래스 시작 후 : 환불 불가,20000,8,155000
10,[초보전용] 역삼역 3분 직장인 취미 우쿨렐레 클래스,ukulele,매치 스튜디오,퇴근 후 쉽고 재밌게 우쿨렐레를 배워보세요,없음,personal,클래스 수강 이전 : 전액 환불\n클래스 시작 후 : 환불 불가,20000,8,155000
11,[초보전용] 역삼역 3분 직장인 취미 우쿨렐레 클래스,ukulele,매치 스튜디오,퇴근 후 쉽고 재밌게 우쿨렐레를 배워보세요,없음,personal,클래스 수강 이전 : 전액 환불\n클래스 시작 후 : 환불 불가,40000,4,155000
12,[초보전용] 역삼역 3분 직장인 취미 우쿨렐레 클래스,ukulele,매치 스튜디오,퇴근 후 쉽고 재밌게 우쿨렐레를 배워보세요,없음,personal,클래스 수강 이전 : 전액 환불\n클래스 시작 후 : 환불 불가,40000,4,155000
13,[초보전용] 역삼역 3분 직장인 취미 우쿨렐레 클래스,ukulele,매치 스튜디오,퇴근 후 쉽고 재밌게 우쿨렐레를 배워보세요,없음,personal,클래스 수강 이전 : 전액 환불\n클래스 시작 후 : 환불 불가,40000,4,155000
14,[초보전용] 역삼역 3분 직장인 취미 우쿨렐레 클래스,ukulele,매치 스튜디오,퇴근 후 쉽고 재밌게 우쿨렐레를 배워보세요,없음,personal,클래스 수강 이전 : 전액 환불\n클래스 시작 후 : 환불 불가,40000,4,155000
15,[초보전용] 역삼역 3분 직장인 취미 우쿨렐레 클래스,ukulele,매치 스튜디오,퇴근 후 쉽고 재밌게 우쿨렐레를 배워보세요,없음,personal,클래스 수강 이전 : 전액 환불\n클래스 시작 후 : 환불 불가,40000,4,155000
16,[초보전용] 역삼역 3분 직장인 취미 우쿨렐레 클래스,ukulele,매치 스튜디오,퇴근 후 쉽고 재밌게 우쿨렐레를 배워보세요,없음,personal,클래스 수강 이전 : 전액 환불\n클래스 시작 후 : 환불 불가,40000,4,155000
17,[초보전용] 역삼역 3분 직장인 취미 우쿨렐레 클래스,ukulele,매치 스튜디오,퇴근 후 쉽고 재밌게 우쿨렐레를 배워보세요,없음,personal,클래스 수강 이전 : 전액 환불\n클래스 시작 후 : 환불 불가,40000,4,155000
18,[초보전용] 역삼역 3분 직장인 취미 우쿨렐레 클래스,ukulele,매치 스튜디오,퇴근 후 쉽고 재밌게 우쿨렐레를 배워보세요,없음,personal,클래스 수강 이전 : 전액 환불\n클래스 시작 후 : 환불 불가,40000,4,155000
19,[초보전용] 역삼역 3분 직장인 취미 우쿨렐레 클래스,ukulele,매치 스튜디오,퇴근 후 쉽고 재밌게 우쿨렐레를 배워보세요,없음,personal,클래스 수강 이전 : 전액 환불\n클래스 시작 후 : 환불 불가,40000,4,155000
20,[초보전용] 역삼역 3분 직장인 취미 우쿨렐레 클래스,ukulele,매치 스튜디오,퇴근 후 쉽고 재밌게 우쿨렐레를 배워보세요,없음,personal,클래스 수강 이전 : 전액 환불\n클래스 시작 후 : 환불 불가,40000,4,155000
21,[초보전용] 역삼역 3분 직장인 취미 우쿨렐레 클래스,ukulele,매치 스튜디오,퇴근 후 쉽고 재밌게 우쿨렐레를 배워보세요,없음,personal,클래스 수강 이전 : 전액 환불\n클래스 시작 후 : 환불 불가,20000,8,155000
22,[초보전용] 역삼역 3분 직장인 취미 우쿨렐레 클래스,ukulele,매치 스튜디오,퇴근 후 쉽고 재밌게 우쿨렐레를 배워보세요,없음,personal,클래스 수강 이전 : 전액 환불\n클래스 시작 후 : 환불 불가,20000,8,155000
23,[초보전용] 역삼역 3분 직장인 취미 우쿨렐레 클래스,ukulele,매치 스튜디오,퇴근 후 쉽고 재밌게 우쿨렐레를 배워보세요,없음,personal,클래스 수강 이전 : 전액 환불\n클래스 시작 후 : 환불 불가,20000,8,155000
24,[초보전용] 역삼역 3분 직장인 취미 우쿨렐레 클래스,ukulele,매치 스튜디오,퇴근 후 쉽고 재밌게 우쿨렐레를 배워보세요,없음,personal,클래스 수강 이전 : 전액 환불\n클래스 시작 후 : 환불 불가,20000,8,155000
25,[초보전용] 역삼역 3분 직장인 취미 우쿨렐레 클래스,ukulele,매치 스튜디오,퇴근 후 쉽고 재밌게 우쿨렐레를 배워보세요,없음,personal,클래스 수강 이전 : 전액 환불\n클래스 시작 후 : 환불 불가,20000,8,155000
26,[초보전용] 역삼역 3분 직장인 취미 우쿨렐레 클래스,ukulele,매치 스튜디오,퇴근 후 쉽고 재밌게 우쿨렐레를 배워보세요,없음,personal,클래스 수강 이전 : 전액 환불\n클래스 시작 후 : 환불 불가,20000,8,155000
27,[초보전용] 역삼역 3분 직장인 취미 우쿨렐레 클래스,ukulele,매치 스튜디오,퇴근 후 쉽고 재밌게 우쿨렐레를 배워보세요,없음,personal,클래스 수강 이전 : 전액 환불\n클래스 시작 후 : 환불 불가,20000,8,155000
28,[초보전용] 역삼역 3분 직장인 취미 우쿨렐레 클래스,ukulele,매치 스튜디오,퇴근 후 쉽고 재밌게 우쿨렐레를 배워보세요,없음,personal,클래스 수강 이전 : 전액 환불\n클래스 시작 후 : 환불 불가,20000,8,155000
29,[초보전용] 역삼역 3분 직장인 취미 우쿨렐레 클래스,ukulele,매치 스튜디오,퇴근 후 쉽고 재밌게 우쿨렐레를 배워보세요,없음,personal,클래스 수강 이전 : 전액 환불\n클래스 시작 후 : 환불 불가,20000,8,155000
30,[초보전용] 역삼역 3분 직장인 취미 우쿨렐레 클래스,ukulele,매치 스튜디오,퇴근 후 쉽고 재밌게 우쿨렐레를 배워보세요,없음,personal,클래스 수강 이전 : 전액 환불\n클래스 시작 후 : 환불 불가,20000,8,155000
31,[초보전용] 역삼역 3분 직장인 취미 우쿨렐레 클래스,ukulele,매치 스튜디오,퇴근 후 쉽고 재밌게 우쿨렐레를 배워보세요,없음,personal,클래스 수강 이전 : 전액 환불\n클래스 시작 후 : 환불 불가,40000,4,155000
32,[초보전용] 역삼역 3분 직장인 취미 우쿨렐레 클래스,ukulele,매치 스튜디오,퇴근 후 쉽고 재밌게 우쿨렐레를 배워보세요,없음,personal,클래스 수강 이전 : 전액 환불\n클래스 시작 후 : 환불 불가,40000,4,155000
33,[초보전용] 역삼역 3분 직장인 취미 우쿨렐레 클래스,ukulele,매치 스튜디오,퇴근 후 쉽고 재밌게 우쿨렐레를 배워보세요,없음,personal,클래스 수강 이전 : 전액 환불\n클래스 시작 후 : 환불 불가,40000,4,155000
34,[초보전용] 역삼역 3분 직장인 취미 우쿨렐레 클래스,ukulele,매치 스튜디오,퇴근 후 쉽고 재밌게 우쿨렐레를 배워보세요,없음,personal,클래스 수강 이전 : 전액 환불\n클래스 시작 후 : 환불 불가,40000,4,155000
35,[초보전용] 역삼역 3분 직장인 취미 우쿨렐레 클래스,ukulele,매치 스튜디오,퇴근 후 쉽고 재밌게 우쿨렐레를 배워보세요,없음,personal,클래스 수강 이전 : 전액 환불\n클래스 시작 후 : 환불 불가,40000,4,155000
36,[초보전용] 역삼역 3분 직장인 취미 우쿨렐레 클래스,ukulele,매치 스튜디오,퇴근 후 쉽고 재밌게 우쿨렐레를 배워보세요,없음,personal,클래스 수강 이전 : 전액 환불\n클래스 시작 후 : 환불 불가,40000,4,155000
37,[초보전용] 역삼역 3분 직장인 취미 우쿨렐레 클래스,ukulele,매치 스튜디오,퇴근 후 쉽고 재밌게 우쿨렐레를 배워보세요,없음,personal,클래스 수강 이전 : 전액 환불\n클래스 시작 후 : 환불 불가,40000,4,155000
38,[초보전용] 역삼역 3분 직장인 취미 우쿨렐레 클래스,ukulele,매치 스튜디오,퇴근 후 쉽고 재밌게 우쿨렐레를 배워보세요,없음,personal,클래스 수강 이전 : 전액 환불\n클래스 시작 후 : 환불 불가,40000,4,155000
39,[초보전용] 역삼역 3분 직장인 취미 우쿨렐레 클래스,ukulele,매치 스튜디오,퇴근 후 쉽고 재밌게 우쿨렐레를 배워보세요,없음,personal,클래스 수강 이전 : 전액 환불\n클래스 시작 후 : 환불 불가,40000,4,155000
40,[초보전용] 역삼역 3분 직장인 취미 우쿨렐레 클래스,ukulele,매치 스튜디오,퇴근 후 쉽고 재밌게 우쿨렐레를 배워보세요,없음,personal,클래스 수강 이전 : 전액 환불\n클래스 시작 후 : 환불 불가,40000,4,155000
41,[초보전용] 역삼역 3분 직장인 취미 우쿨렐레 클래스,ukulele,매치 스튜디오,퇴근 후 쉽고 재밌게 우쿨렐레를 배워보세요,없음,personal,클래스 수강 이전 : 전액 환불\n클래스 시작 후 : 환불 불가,40000,4,155000
42,[초보전용] 역삼역 3분 직장인 취미 우쿨렐레 클래스,ukulele,매치 스튜디오,퇴근 후 쉽고 재밌게 우쿨렐레를 배워보세요,없음,personal,클래스 수강 이전 : 전액 환불\n클래스 시작 후 : 환불 불가,40000,4,155000
43,[초보전용] 역삼역 3분 직장인 취미 우쿨렐레 클래스,ukulele,매치 스튜디오,퇴근 후 쉽고 재밌게 우쿨렐레를 배워보세요,없음,personal,클래스 수강 이전 : 전액 환불\n클래스 시작 후 : 환불 불가,40000,4,155000
44,[초보전용] 역삼역 3분 직장인 취미 우쿨렐레 클래스,ukulele,매치 스튜디오,퇴근 후 쉽고 재밌게 우쿨렐레를 배워보세요,없음,personal,클래스 수강 이전 : 전액 환불\n클래스 시작 후 : 환불 불가,40000,4,155000
45,[초보전용] 역삼역 3분 직장인 취미 우쿨렐레 클래스,ukulele,매치 스튜디오,퇴근 후 쉽고 재밌게 우쿨렐레를 배워보세요,없음,personal,클래스 수강 이전 : 전액 환불\n클래스 시작 후 : 환불 불가,40000,4,155000
46,[초보전용] 역삼역 3분 직장인 취미 우쿨렐레 클래스,ukulele,매치 스튜디오,퇴근 후 쉽고 재밌게 우쿨렐레를 배워보세요,없음,group,클래스 수강 이전 : 전액 환불\n클래스 시작 후 : 환불 불가,17000,8,125500
47,[초보전용] 역삼역 3분 직장인 취미 우쿨렐레 클래스,ukulele,매치 스튜디오,퇴근 후 쉽고 재밌게 우쿨렐레를 배워보세요,없음,group,클래스 수강 이전 : 전액 환불\n클래스 시작 후 : 환불 불가,17000,8,125500
48,[초보전용] 역삼역 3분 직장인 취미 우쿨렐레 클래스,ukulele,매치 스튜디오,퇴근 후 쉽고 재밌게 우쿨렐레를 배워보세요,없음,group,클래스 수강 이전 : 전액 환불\n클래스 시작 후 : 환불 불가,17000,8,125500
49,[초보전용] 역삼역 3분 직장인 취미 우쿨렐레 클래스,ukulele,매치 스튜디오,퇴근 후 쉽고 재밌게 우쿨렐레를 배워보세요,없음,group,클래스 수강 이전 : 전액 환불\n클래스 시작 후 : 환불 불가,17000,8,125500
50,[초보전용] 역삼역 3분 직장인 취미 우쿨렐레 클래스,ukulele,매치 스튜디오,퇴근 후 쉽고 재밌게 우쿨렐레를 배워보세요,없음,group,클래스 수강 이전 : 전액 환불\n클래스 시작 후 : 환불 불가,17000,8,125500
51,[초보전용] 역삼역 3분 직장인 취미 우쿨렐레 클래스,ukulele,매치 스튜디오,퇴근 후 쉽고 재밌게 우쿨렐레를 배워보세요,없음,group,클래스 수강 이전 : 전액 환불\n클래스 시작 후 : 환불 불가,17000,8,125500
52,[초보전용] 역삼역 3분 직장인 취미 우쿨렐레 클래스,ukulele,매치 스튜디오,퇴근 후 쉽고 재밌게 우쿨렐레를 배워보세요,없음,group,클래스 수강 이전 : 전액 환불\n클래스 시작 후 : 환불 불가,17000,8,125500
53,[초보전용] 역삼역 3분 직장인 취미 우쿨렐레 클래스,ukulele,매치 스튜디오,퇴근 후 쉽고 재밌게 우쿨렐레를 배워보세요,없음,group,클래스 수강 이전 : 전액 환불\n클래스 시작 후 : 환불 불가,17000,8,125500
54,[초보전용] 역삼역 3분 직장인 취미 우쿨렐레 클래스,ukulele,매치 스튜디오,퇴근 후 쉽고 재밌게 우쿨렐레를 배워보세요,없음,group,클래스 수강 이전 : 전액 환불\n클래스 시작 후 : 환불 불가,17000,8,125500
55,[초보전용] 역삼역 3분 직장인 취미 우쿨렐레 클래스,ukulele,매치 스튜디오,퇴근 후 쉽고 재밌게 우쿨렐레를 배워보세요,없음,group,클래스 수강 이전 : 전액 환불\n클래스 시작 후 : 환불 불가,17000,8,125500
56,[초보반] 매봉역 5분 직장인 취미 전용 통기타 클래스,ukulele,애플 기타 교습소,직장에서 받은 스트레스를 우쿨렐레로 풀어보세요,없음,personal,클래스 수강 이전 : 전액 환불\n클래스 시작 후 : 환불 불가,15000,8,100000
57,[초보반] 매봉역 5분 직장인 취미 전용 통기타 클래스,ukulele,애플 기타 교습소,직장에서 받은 스트레스를 우쿨렐레로 풀어보세요,없음,personal,클래스 수강 이전 : 전액 환불\n클래스 시작 후 : 환불 불가,15000,8,100000
58,[초보반] 매봉역 5분 직장인 취미 전용 통기타 클래스,ukulele,애플 기타 교습소,직장에서 받은 스트레스를 우쿨렐레로 풀어보세요,없음,personal,클래스 수강 이전 : 전액 환불\n클래스 시작 후 : 환불 불가,15000,8,100000
59,[초보반] 매봉역 5분 직장인 취미 전용 통기타 클래스,ukulele,애플 기타 교습소,직장에서 받은 스트레스를 우쿨렐레로 풀어보세요,없음,personal,클래스 수강 이전 : 전액 환불\n클래스 시작 후 : 환불 불가,15000,8,100000
60,[초보반] 매봉역 5분 직장인 취미 전용 통기타 클래스,ukulele,애플 기타 교습소,직장에서 받은 스트레스를 우쿨렐레로 풀어보세요,없음,personal,클래스 수강 이전 : 전액 환불\n클래스 시작 후 : 환불 불가,15000,8,100000
61,[초보반] 매봉역 5분 직장인 취미 전용 통기타 클래스,ukulele,애플 기타 교습소,직장에서 받은 스트레스를 우쿨렐레로 풀어보세요,없음,personal,클래스 수강 이전 : 전액 환불\n클래스 시작 후 : 환불 불가,15000,8,100000
62,[초보반] 매봉역 5분 직장인 취미 전용 통기타 클래스,ukulele,애플 기타 교습소,직장에서 받은 스트레스를 우쿨렐레로 풀어보세요,없음,personal,클래스 수강 이전 : 전액 환불\n클래스 시작 후 : 환불 불가,15000,8,100000
63,[초보반] 매봉역 5분 직장인 취미 전용 통기타 클래스,ukulele,애플 기타 교습소,직장에서 받은 스트레스를 우쿨렐레로 풀어보세요,없음,personal,클래스 수강 이전 : 전액 환불\n클래스 시작 후 : 환불 불가,15000,8,100000
64,[초보반] 매봉역 5분 직장인 취미 전용 통기타 클래스,ukulele,애플 기타 교습소,직장에서 받은 스트레스를 우쿨렐레로 풀어보세요,없음,personal,클래스 수강 이전 : 전액 환불\n클래스 시작 후 : 환불 불가,15000,8,100000
65,[초보반] 매봉역 5분 직장인 취미 전용 통기타 클래스,ukulele,애플 기타 교습소,직장에서 받은 스트레스를 우쿨렐레로 풀어보세요,없음,personal,클래스 수강 이전 : 전액 환불\n클래스 시작 후 : 환불 불가,15000,8,100000
66,[초보반] 매봉역 5분 직장인 취미 전용 통기타 클래스,ukulele,애플 기타 교습소,직장에서 받은 스트레스를 우쿨렐레로 풀어보세요,없음,personal,클래스 수강 이전 : 전액 환불\n클래스 시작 후 : 환불 불가,15000,8,100000
67,[초보반] 매봉역 5분 직장인 취미 전용 통기타 클래스,ukulele,애플 기타 교습소,직장에서 받은 스트레스를 우쿨렐레로 풀어보세요,없음,personal,클래스 수강 이전 : 전액 환불\n클래스 시작 후 : 환불 불가,15000,8,100000
68,[초보반] 강남역 5분 직장인도 재밌게 배우는 우쿨렐레 클래스,ukulele,로코망고,요즘 가장 핫 한 우쿨렐레를 쉽게 배워보세요,없음,personal,클래스 수강 이전 : 전액 환불\n첫째주 클래스 시작 후 : 납부한 수강료의 2/3 해당액 환불\n둘째주 클래스 시작 후 : 납부한 수강료의 1/2 해당액 환불\n셋째주 클래스 시작 후 : 환불 불가,40000,4,150000
69,[초보반] 강남역 5분 직장인도 재밌게 배우는 우쿨렐레 클래스,ukulele,로코망고,요즘 가장 핫 한 우쿨렐레를 쉽게 배워보세요,없음,personal,클래스 수강 이전 : 전액 환불\n첫째주 클래스 시작 후 : 납부한 수강료의 2/3 해당액 환불\n둘째주 클래스 시작 후 : 납부한 수강료의 1/2 해당액 환불\n셋째주 클래스 시작 후 : 환불 불가,40000,4,150000
70,[초보반] 강남역 5분 직장인도 재밌게 배우는 우쿨렐레 클래스,ukulele,로코망고,요즘 가장 핫 한 우쿨렐레를 쉽게 배워보세요,없음,personal,클래스 수강 이전 : 전액 환불\n첫째주 클래스 시작 후 : 납부한 수강료의 2/3 해당액 환불\n둘째주 클래스 시작 후 : 납부한 수강료의 1/2 해당액 환불\n셋째주 클래스 시작 후 : 환불 불가,40000,4,150000
71,[초보반] 강남역 5분 직장인도 재밌게 배우는 우쿨렐레 클래스,ukulele,로코망고,요즘 가장 핫 한 우쿨렐레를 쉽게 배워보세요,없음,personal,클래스 수강 이전 : 전액 환불\n첫째주 클래스 시작 후 : 납부한 수강료의 2/3 해당액 환불\n둘째주 클래스 시작 후 : 납부한 수강료의 1/2 해당액 환불\n셋째주 클래스 시작 후 : 환불 불가,40000,4,150000
72,[초보반] 강남역 5분 직장인도 재밌게 배우는 우쿨렐레 클래스,ukulele,로코망고,요즘 가장 핫 한 우쿨렐레를 쉽게 배워보세요,없음,personal,클래스 수강 이전 : 전액 환불\n첫째주 클래스 시작 후 : 납부한 수강료의 2/3 해당액 환불\n둘째주 클래스 시작 후 : 납부한 수강료의 1/2 해당액 환불\n셋째주 클래스 시작 후 : 환불 불가,40000,4,150000
73,[초보반] 강남역 5분 직장인도 재밌게 배우는 우쿨렐레 클래스,ukulele,로코망고,요즘 가장 핫 한 우쿨렐레를 쉽게 배워보세요,없음,group,클래스 수강 이전 : 전액 환불\n첫째주 클래스 시작 후 : 납부한 수강료의 2/3 해당액 환불\n둘째주 클래스 시작 후 : 납부한 수강료의 1/2 해당액 환불\n셋째주 클래스 시작 후 : 환불 불가,30000,4,100000
74,왕초보도 쉽게 쉽게 따라 배울 수 있는 우쿨렐레,ukulele,라브우기,준비물 없이 몸만 와서 배우는 우쿨렐레 연주! 2개월 만에 '벚꽃엔딩'연주도 가능합니다!,없음,group,클래스 수강 이전 : 전액 환불\n첫째주 클래스 시작 후 : 납부한 수강료의 2/3 해당액 환불\n둘째주 클래스 시작 후 : 납부한 수강료의 1/2 해당액 환불\n셋째주 클래스 시작 후 : 환불 불가,20000,4,70000
75,왕초보도 쉽게 쉽게 따라 배울 수 있는 우쿨렐레,ukulele,라브우기,준비물 없이 몸만 와서 배우는 우쿨렐레 연주! 2개월 만에 '벚꽃엔딩'연주도 가능합니다!,없음,group,클래스 수강 이전 : 전액 환불\n첫째주 클래스 시작 후 : 납부한 수강료의 2/3 해당액 환불\n둘째주 클래스 시작 후 : 납부한 수강료의 1/2 해당액 환불\n셋째주 클래스 시작 후 : 환불 불가,20000,4,70000
76,왕초보도 쉽게 쉽게 따라 배울 수 있는 우쿨렐레,ukulele,라브우기,준비물 없이 몸만 와서 배우는 우쿨렐레 연주! 2개월 만에 '벚꽃엔딩'연주도 가능합니다!,없음,group,클래스 수강 이전 : 전액 환불\n첫째주 클래스 시작 후 : 납부한 수강료의 2/3 해당액 환불\n둘째주 클래스 시작 후 : 납부한 수강료의 1/2 해당액 환불\n셋째주 클래스 시작 후 : 환불 불가,20000,4,70000
77,왕초보도 쉽게 쉽게 따라 배울 수 있는 우쿨렐레,ukulele,라브우기,준비물 없이 몸만 와서 배우는 우쿨렐레 연주! 2개월 만에 '벚꽃엔딩'연주도 가능합니다!,없음,group,클래스 수강 이전 : 전액 환불\n첫째주 클래스 시작 후 : 납부한 수강료의 2/3 해당액 환불\n둘째주 클래스 시작 후 : 납부한 수강료의 1/2 해당액 환불\n셋째주 클래스 시작 후 : 환불 불가,20000,4,70000
78,왕초보도 쉽게 쉽게 따라 배울 수 있는 우쿨렐레,ukulele,라브우기,준비물 없이 몸만 와서 배우는 우쿨렐레 연주! 2개월 만에 '벚꽃엔딩'연주도 가능합니다!,없음,group,클래스 수강 이전 : 전액 환불\n첫째주 클래스 시작 후 : 납부한 수강료의 2/3 해당액 환불\n둘째주 클래스 시작 후 : 납부한 수강료의 1/2 해당액 환불\n셋째주 클래스 시작 후 : 환불 불가,20000,4,70000
79,왕초보도 쉽게 쉽게 따라 배울 수 있는 우쿨렐레,ukulele,라브우기,준비물 없이 몸만 와서 배우는 우쿨렐레 연주! 2개월 만에 '벚꽃엔딩'연주도 가능합니다!,없음,group,클래스 수강 이전 : 전액 환불\n첫째주 클래스 시작 후 : 납부한 수강료의 2/3 해당액 환불\n둘째주 클래스 시작 후 : 납부한 수강료의 1/2 해당액 환불\n셋째주 클래스 시작 후 : 환불 불가,20000,4,70000
80,왕초보도 쉽게 쉽게 따라 배울 수 있는 우쿨렐레,ukulele,라브우기,준비물 없이 몸만 와서 배우는 우쿨렐레 연주! 2개월 만에 '벚꽃엔딩'연주도 가능합니다!,없음,group,클래스 수강 이전 : 전액 환불\n첫째주 클래스 시작 후 : 납부한 수강료의 2/3 해당액 환불\n둘째주 클래스 시작 후 : 납부한 수강료의 1/2 해당액 환불\n셋째주 클래스 시작 후 : 환불 불가,20000,4,70000
81,왕초보도 쉽게 쉽게 따라 배울 수 있는 우쿨렐레,ukulele,라브우기,준비물 없이 몸만 와서 배우는 우쿨렐레 연주! 2개월 만에 '벚꽃엔딩'연주도 가능합니다!,없음,group,클래스 수강 이전 : 전액 환불\n첫째주 클래스 시작 후 : 납부한 수강료의 2/3 해당액 환불\n둘째주 클래스 시작 후 : 납부한 수강료의 1/2 해당액 환불\n셋째주 클래스 시작 후 : 환불 불가,20000,4,70000
82,왕초보도 쉽게 쉽게 따라 배울 수 있는 우쿨렐레,ukulele,라브우기,준비물 없이 몸만 와서 배우는 우쿨렐레 연주! 2개월 만에 '벚꽃엔딩'연주도 가능합니다!,없음,group,클래스 수강 이전 : 전액 환불\n첫째주 클래스 시작 후 : 납부한 수강료의 2/3 해당액 환불\n둘째주 클래스 시작 후 : 납부한 수강료의 1/2 해당액 환불\n셋째주 클래스 시작 후 : 환불 불가,20000,4,70000
83,왕초보도 쉽게 쉽게 따라 배울 수 있는 우쿨렐레,ukulele,라브우기,준비물 없이 몸만 와서 배우는 우쿨렐레 연주! 2개월 만에 '벚꽃엔딩'연주도 가능합니다!,없음,group,클래스 수강 이전 : 전액 환불\n첫째주 클래스 시작 후 : 납부한 수강료의 2/3 해당액 환불\n둘째주 클래스 시작 후 : 납부한 수강료의 1/2 해당액 환불\n셋째주 클래스 시작 후 : 환불 불가,20000,4,70000
84,왕초보도 쉽게 쉽게 따라 배울 수 있는 우쿨렐레,ukulele,라브우기,준비물 없이 몸만 와서 배우는 우쿨렐레 연주! 2개월 만에 '벚꽃엔딩'연주도 가능합니다!,없음,group,클래스 수강 이전 : 전액 환불\n첫째주 클래스 시작 후 : 납부한 수강료의 2/3 해당액 환불\n둘째주 클래스 시작 후 : 납부한 수강료의 1/2 해당액 환불\n셋째주 클래스 시작 후 : 환불 불가,20000,4,70000
85,왕초보도 쉽게 쉽게 따라 배울 수 있는 우쿨렐레,ukulele,라브우기,준비물 없이 몸만 와서 배우는 우쿨렐레 연주! 2개월 만에 '벚꽃엔딩'연주도 가능합니다!,없음,group,클래스 수강 이전 : 전액 환불\n첫째주 클래스 시작 후 : 납부한 수강료의 2/3 해당액 환불\n둘째주 클래스 시작 후 : 납부한 수강료의 1/2 해당액 환불\n셋째주 클래스 시작 후 : 환불 불가,20000,4,70000
86,왕초보도 쉽게 쉽게 따라 배울 수 있는 우쿨렐레,ukulele,라브우기,준비물 없이 몸만 와서 배우는 우쿨렐레 연주! 2개월 만에 '벚꽃엔딩'연주도 가능합니다!,없음,group,클래스 수강 이전 : 전액 환불\n첫째주 클래스 시작 후 : 납부한 수강료의 2/3 해당액 환불\n둘째주 클래스 시작 후 : 납부한 수강료의 1/2 해당액 환불\n셋째주 클래스 시작 후 : 환불 불가,20000,4,70000
87,[초보전용] 역삼역 3분 직장인 취미 통기타 클래스,acoustic_guitar,매치 스튜디오,퇴근 후 쉽고 재밌게 통기타를 배워보세요,없음,personal,클래스 수강 이전 : 전액 환불\n클래스 시작 후 : 환불 불가,25000,8,185000
88,[초보전용] 역삼역 3분 직장인 취미 통기타 클래스,acoustic_guitar,매치 스튜디오,퇴근 후 쉽고 재밌게 통기타를 배워보세요,없음,personal,클래스 수강 이전 : 전액 환불\n클래스 시작 후 : 환불 불가,25000,8,185000
89,[초보전용] 역삼역 3분 직장인 취미 통기타 클래스,acoustic_guitar,매치 스튜디오,퇴근 후 쉽고 재밌게 통기타를 배워보세요,없음,personal,클래스 수강 이전 : 전액 환불\n클래스 시작 후 : 환불 불가,25000,8,185000
90,[초보전용] 역삼역 3분 직장인 취미 통기타 클래스,acoustic_guitar,매치 스튜디오,퇴근 후 쉽고 재밌게 통기타를 배워보세요,없음,personal,클래스 수강 이전 : 전액 환불\n클래스 시작 후 : 환불 불가,25000,8,185000
91,[초보전용] 역삼역 3분 직장인 취미 통기타 클래스,acoustic_guitar,매치 스튜디오,퇴근 후 쉽고 재밌게 통기타를 배워보세요,없음,personal,클래스 수강 이전 : 전액 환불\n클래스 시작 후 : 환불 불가,25000,8,185000
92,[초보전용] 역삼역 3분 직장인 취미 통기타 클래스,acoustic_guitar,매치 스튜디오,퇴근 후 쉽고 재밌게 통기타를 배워보세요,없음,personal,클래스 수강 이전 : 전액 환불\n클래스 시작 후 : 환불 불가,25000,8,185000
93,[초보전용] 역삼역 3분 직장인 취미 통기타 클래스,acoustic_guitar,매치 스튜디오,퇴근 후 쉽고 재밌게 통기타를 배워보세요,없음,personal,클래스 수강 이전 : 전액 환불\n클래스 시작 후 : 환불 불가,25000,8,185000
94,[초보전용] 역삼역 3분 직장인 취미 통기타 클래스,acoustic_guitar,매치 스튜디오,퇴근 후 쉽고 재밌게 통기타를 배워보세요,없음,personal,클래스 수강 이전 : 전액 환불\n클래스 시작 후 : 환불 불가,25000,8,185000
95,[초보전용] 역삼역 3분 직장인 취미 통기타 클래스,acoustic_guitar,매치 스튜디오,퇴근 후 쉽고 재밌게 통기타를 배워보세요,없음,personal,클래스 수강 이전 : 전액 환불\n클래스 시작 후 : 환불 불가,25000,8,185000
96,[초보전용] 역삼역 3분 직장인 취미 통기타 클래스,acoustic_guitar,매치 스튜디오,퇴근 후 쉽고 재밌게 통기타를 배워보세요,없음,personal,클래스 수강 이전 : 전액 환불\n클래스 시작 후 : 환불 불가,25000,8,185000
97,[초보전용] 역삼역 3분 직장인 취미 통기타 클래스,acoustic_guitar,매치 스튜디오,퇴근 후 쉽고 재밌게 통기타를 배워보세요,없음,personal,클래스 수강 이전 : 전액 환불\n클래스 시작 후 : 환불 불가,50000,4,185000
98,[초보전용] 역삼역 3분 직장인 취미 통기타 클래스,acoustic_guitar,매치 스튜디오,퇴근 후 쉽고 재밌게 통기타를 배워보세요,없음,personal,클래스 수강 이전 : 전액 환불\n클래스 시작 후 : 환불 불가,50000,4,185000
99,[초보전용] 역삼역 3분 직장인 취미 통기타 클래스,acoustic_guitar,매치 스튜디오,퇴근 후 쉽고 재밌게 통기타를 배워보세요,없음,personal,클래스 수강 이전 : 전액 환불\n클래스 시작 후 : 환불 불가,50000,4,185000
100,[초보전용] 역삼역 3분 직장인 취미 통기타 클래스,acoustic_guitar,매치 스튜디오,퇴근 후 쉽고 재밌게 통기타를 배워보세요,없음,personal,클래스 수강 이전 : 전액 환불\n클래스 시작 후 : 환불 불가,50000,4,185000
101,[초보전용] 역삼역 3분 직장인 취미 통기타 클래스,acoustic_guitar,매치 스튜디오,퇴근 후 쉽고 재밌게 통기타를 배워보세요,없음,personal,클래스 수강 이전 : 전액 환불\n클래스 시작 후 : 환불 불가,50000,4,185000
102,[초보전용] 역삼역 3분 직장인 취미 통기타 클래스,acoustic_guitar,매치 스튜디오,퇴근 후 쉽고 재밌게 통기타를 배워보세요,없음,personal,클래스 수강 이전 : 전액 환불\n클래스 시작 후 : 환불 불가,50000,4,185000
103,[초보전용] 역삼역 3분 직장인 취미 통기타 클래스,acoustic_guitar,매치 스튜디오,퇴근 후 쉽고 재밌게 통기타를 배워보세요,없음,personal,클래스 수강 이전 : 전액 환불\n클래스 시작 후 : 환불 불가,50000,4,185000
104,[초보전용] 역삼역 3분 직장인 취미 통기타 클래스,acoustic_guitar,매치 스튜디오,퇴근 후 쉽고 재밌게 통기타를 배워보세요,없음,personal,클래스 수강 이전 : 전액 환불\n클래스 시작 후 : 환불 불가,50000,4,185000
105,[초보전용] 역삼역 3분 직장인 취미 통기타 클래스,acoustic_guitar,매치 스튜디오,퇴근 후 쉽고 재밌게 통기타를 배워보세요,없음,personal,클래스 수강 이전 : 전액 환불\n클래스 시작 후 : 환불 불가,50000,4,185000
106,[초보전용] 역삼역 3분 직장인 취미 통기타 클래스,acoustic_guitar,매치 스튜디오,퇴근 후 쉽고 재밌게 통기타를 배워보세요,없음,personal,클래스 수강 이전 : 전액 환불\n클래스 시작 후 : 환불 불가,50000,4,185000
107,[초보전용] 역삼역 3분 직장인 취미 통기타 클래스,acoustic_guitar,매치 스튜디오,퇴근 후 쉽고 재밌게 통기타를 배워보세요,없음,personal,클래스 수강 이전 : 전액 환불\n클래스 시작 후 : 환불 불가,25000,8,185000
108,[초보전용] 역삼역 3분 직장인 취미 통기타 클래스,acoustic_guitar,매치 스튜디오,퇴근 후 쉽고 재밌게 통기타를 배워보세요,없음,personal,클래스 수강 이전 : 전액 환불\n클래스 시작 후 : 환불 불가,25000,8,185000
109,[초보전용] 역삼역 3분 직장인 취미 통기타 클래스,acoustic_guitar,매치 스튜디오,퇴근 후 쉽고 재밌게 통기타를 배워보세요,없음,personal,클래스 수강 이전 : 전액 환불\n클래스 시작 후 : 환불 불가,25000,8,185000
110,[초보전용] 역삼역 3분 직장인 취미 통기타 클래스,acoustic_guitar,매치 스튜디오,퇴근 후 쉽고 재밌게 통기타를 배워보세요,없음,personal,클래스 수강 이전 : 전액 환불\n클래스 시작 후 : 환불 불가,25000,8,185000
111,[초보전용] 역삼역 3분 직장인 취미 통기타 클래스,acoustic_guitar,매치 스튜디오,퇴근 후 쉽고 재밌게 통기타를 배워보세요,없음,personal,클래스 수강 이전 : 전액 환불\n클래스 시작 후 : 환불 불가,25000,8,185000
112,[초보전용] 역삼역 3분 직장인 취미 통기타 클래스,acoustic_guitar,매치 스튜디오,퇴근 후 쉽고 재밌게 통기타를 배워보세요,없음,personal,클래스 수강 이전 : 전액 환불\n클래스 시작 후 : 환불 불가,25000,8,185000
113,[초보전용] 역삼역 3분 직장인 취미 통기타 클래스,acoustic_guitar,매치 스튜디오,퇴근 후 쉽고 재밌게 통기타를 배워보세요,없음,personal,클래스 수강 이전 : 전액 환불\n클래스 시작 후 : 환불 불가,25000,8,185000
114,[초보전용] 역삼역 3분 직장인 취미 통기타 클래스,acoustic_guitar,매치 스튜디오,퇴근 후 쉽고 재밌게 통기타를 배워보세요,없음,personal,클래스 수강 이전 : 전액 환불\n클래스 시작 후 : 환불 불가,25000,8,185000
115,[초보전용] 역삼역 3분 직장인 취미 통기타 클래스,acoustic_guitar,매치 스튜디오,퇴근 후 쉽고 재밌게 통기타를 배워보세요,없음,personal,클래스 수강 이전 : 전액 환불\n클래스 시작 후 : 환불 불가,25000,8,185000
116,[초보전용] 역삼역 3분 직장인 취미 통기타 클래스,acoustic_guitar,매치 스튜디오,퇴근 후 쉽고 재밌게 통기타를 배워보세요,없음,personal,클래스 수강 이전 : 전액 환불\n클래스 시작 후 : 환불 불가,25000,8,185000
117,[초보전용] 역삼역 3분 직장인 취미 통기타 클래스,acoustic_guitar,매치 스튜디오,퇴근 후 쉽고 재밌게 통기타를 배워보세요,없음,personal,클래스 수강 이전 : 전액 환불\n클래스 시작 후 : 환불 불가,50000,4,185000
118,[초보전용] 역삼역 3분 직장인 취미 통기타 클래스,acoustic_guitar,매치 스튜디오,퇴근 후 쉽고 재밌게 통기타를 배워보세요,없음,personal,클래스 수강 이전 : 전액 환불\n클래스 시작 후 : 환불 불가,50000,4,185000
119,[초보전용] 역삼역 3분 직장인 취미 통기타 클래스,acoustic_guitar,매치 스튜디오,퇴근 후 쉽고 재밌게 통기타를 배워보세요,없음,personal,클래스 수강 이전 : 전액 환불\n클래스 시작 후 : 환불 불가,50000,4,185000
120,[초보전용] 역삼역 3분 직장인 취미 통기타 클래스,acoustic_guitar,매치 스튜디오,퇴근 후 쉽고 재밌게 통기타를 배워보세요,없음,personal,클래스 수강 이전 : 전액 환불\n클래스 시작 후 : 환불 불가,50000,4,185000
121,[초보전용] 역삼역 3분 직장인 취미 통기타 클래스,acoustic_guitar,매치 스튜디오,퇴근 후 쉽고 재밌게 통기타를 배워보세요,없음,personal,클래스 수강 이전 : 전액 환불\n클래스 시작 후 : 환불 불가,50000,4,185000
122,[초보전용] 역삼역 3분 직장인 취미 통기타 클래스,acoustic_guitar,매치 스튜디오,퇴근 후 쉽고 재밌게 통기타를 배워보세요,없음,personal,클래스 수강 이전 : 전액 환불\n클래스 시작 후 : 환불 불가,50000,4,185000
123,[초보전용] 역삼역 3분 직장인 취미 통기타 클래스,acoustic_guitar,매치 스튜디오,퇴근 후 쉽고 재밌게 통기타를 배워보세요,없음,personal,클래스 수강 이전 : 전액 환불\n클래스 시작 후 : 환불 불가,50000,4,185000
124,[초보전용] 역삼역 3분 직장인 취미 통기타 클래스,acoustic_guitar,매치 스튜디오,퇴근 후 쉽고 재밌게 통기타를 배워보세요,없음,personal,클래스 수강 이전 : 전액 환불\n클래스 시작 후 : 환불 불가,50000,4,185000
125,[초보전용] 역삼역 3분 직장인 취미 통기타 클래스,acoustic_guitar,매치 스튜디오,퇴근 후 쉽고 재밌게 통기타를 배워보세요,없음,personal,클래스 수강 이전 : 전액 환불\n클래스 시작 후 : 환불 불가,50000,4,185000
126,[초보전용] 역삼역 3분 직장인 취미 통기타 클래스,acoustic_guitar,매치 스튜디오,퇴근 후 쉽고 재밌게 통기타를 배워보세요,없음,personal,클래스 수강 이전 : 전액 환불\n클래스 시작 후 : 환불 불가,50000,4,185000
127,[초보전용] 역삼역 3분 직장인 취미 통기타 클래스,acoustic_guitar,매치 스튜디오,퇴근 후 쉽고 재밌게 통기타를 배워보세요,없음,personal,클래스 수강 이전 : 전액 환불\n클래스 시작 후 : 환불 불가,50000,4,185000
128,[초보전용] 역삼역 3분 직장인 취미 통기타 클래스,acoustic_guitar,매치 스튜디오,퇴근 후 쉽고 재밌게 통기타를 배워보세요,없음,group,클래스 수강 이전 : 전액 환불\n클래스 시작 후 : 환불 불가,17000,8,125000
129,[초보전용] 역삼역 3분 직장인 취미 통기타 클래스,acoustic_guitar,매치 스튜디오,퇴근 후 쉽고 재밌게 통기타를 배워보세요,없음,group,클래스 수강 이전 : 전액 환불\n클래스 시작 후 : 환불 불가,17000,8,125000
130,[초보전용] 역삼역 3분 직장인 취미 통기타 클래스,acoustic_guitar,매치 스튜디오,퇴근 후 쉽고 재밌게 통기타를 배워보세요,없음,group,클래스 수강 이전 : 전액 환불\n클래스 시작 후 : 환불 불가,17000,8,125000
131,[초보전용] 역삼역 3분 직장인 취미 통기타 클래스,acoustic_guitar,매치 스튜디오,퇴근 후 쉽고 재밌게 통기타를 배워보세요,없음,group,클래스 수강 이전 : 전액 환불\n클래스 시작 후 : 환불 불가,17000,8,125000
132,[초보전용] 역삼역 3분 직장인 취미 통기타 클래스,acoustic_guitar,매치 스튜디오,퇴근 후 쉽고 재밌게 통기타를 배워보세요,없음,group,클래스 수강 이전 : 전액 환불\n클래스 시작 후 : 환불 불가,17000,8,125000
133,[초보전용] 역삼역 3분 직장인 취미 통기타 클래스,acoustic_guitar,매치 스튜디오,퇴근 후 쉽고 재밌게 통기타를 배워보세요,없음,group,클래스 수강 이전 : 전액 환불\n클래스 시작 후 : 환불 불가,17000,8,125000
134,[초보전용] 역삼역 3분 직장인 취미 통기타 클래스,acoustic_guitar,매치 스튜디오,퇴근 후 쉽고 재밌게 통기타를 배워보세요,없음,group,클래스 수강 이전 : 전액 환불\n클래스 시작 후 : 환불 불가,17000,8,125000
135,[초보전용] 역삼역 3분 직장인 취미 통기타 클래스,acoustic_guitar,매치 스튜디오,퇴근 후 쉽고 재밌게 통기타를 배워보세요,없음,group,클래스 수강 이전 : 전액 환불\n클래스 시작 후 : 환불 불가,17000,8,125000
136,[초보전용] 역삼역 3분 직장인 취미 통기타 클래스,acoustic_guitar,매치 스튜디오,퇴근 후 쉽고 재밌게 통기타를 배워보세요,없음,group,클래스 수강 이전 : 전액 환불\n클래스 시작 후 : 환불 불가,17000,8,125000
137,[초보전용] 역삼역 3분 직장인 취미 통기타 클래스,acoustic_guitar,매치 스튜디오,퇴근 후 쉽고 재밌게 통기타를 배워보세요,없음,group,클래스 수강 이전 : 전액 환불\n클래스 시작 후 : 환불 불가,17000,8,125000
138,[초보반] 매봉역 5분 직장인 취미 전용 통기타 클래스,acoustic_guitar,애플 기타 교습소,직장에서 받은 스트레스를 통기타로 풀어보세요,없음,personal,클래스 수강 이전 : 전액 환불\n클래스 시작 후 : 환불 불가,15000,8,100000
139,[초보반] 매봉역 5분 직장인 취미 전용 통기타 클래스,acoustic_guitar,애플 기타 교습소,직장에서 받은 스트레스를 통기타로 풀어보세요,없음,personal,클래스 수강 이전 : 전액 환불\n클래스 시작 후 : 환불 불가,15000,8,100000
140,[초보반] 매봉역 5분 직장인 취미 전용 통기타 클래스,acoustic_guitar,애플 기타 교습소,직장에서 받은 스트레스를 통기타로 풀어보세요,없음,personal,클래스 수강 이전 : 전액 환불\n클래스 시작 후 : 환불 불가,15000,8,100000
141,[초보반] 매봉역 5분 직장인 취미 전용 통기타 클래스,acoustic_guitar,애플 기타 교습소,직장에서 받은 스트레스를 통기타로 풀어보세요,없음,personal,클래스 수강 이전 : 전액 환불\n클래스 시작 후 : 환불 불가,15000,8,100000
142,[초보반] 매봉역 5분 직장인 취미 전용 통기타 클래스,acoustic_guitar,애플 기타 교습소,직장에서 받은 스트레스를 통기타로 풀어보세요,없음,personal,클래스 수강 이전 : 전액 환불\n클래스 시작 후 : 환불 불가,15000,8,100000
143,[초보반] 매봉역 5분 직장인 취미 전용 통기타 클래스,acoustic_guitar,애플 기타 교습소,직장에서 받은 스트레스를 통기타로 풀어보세요,없음,personal,클래스 수강 이전 : 전액 환불\n클래스 시작 후 : 환불 불가,15000,8,100000
144,[초보반] 매봉역 5분 직장인 취미 전용 통기타 클래스,acoustic_guitar,애플 기타 교습소,직장에서 받은 스트레스를 통기타로 풀어보세요,없음,personal,클래스 수강 이전 : 전액 환불\n클래스 시작 후 : 환불 불가,15000,8,100000
145,[초보반] 매봉역 5분 직장인 취미 전용 통기타 클래스,acoustic_guitar,애플 기타 교습소,직장에서 받은 스트레스를 통기타로 풀어보세요,없음,personal,클래스 수강 이전 : 전액 환불\n클래스 시작 후 : 환불 불가,15000,8,100000
146,[초보반] 매봉역 5분 직장인 취미 전용 통기타 클래스,acoustic_guitar,애플 기타 교습소,직장에서 받은 스트레스를 통기타로 풀어보세요,없음,personal,클래스 수강 이전 : 전액 환불\n클래스 시작 후 : 환불 불가,15000,8,100000
147,[초보반] 매봉역 5분 직장인 취미 전용 통기타 클래스,acoustic_guitar,애플 기타 교습소,직장에서 받은 스트레스를 통기타로 풀어보세요,없음,personal,클래스 수강 이전 : 전액 환불\n클래스 시작 후 : 환불 불가,15000,8,100000
148,[초보반] 매봉역 5분 직장인 취미 전용 통기타 클래스,acoustic_guitar,애플 기타 교습소,직장에서 받은 스트레스를 통기타로 풀어보세요,없음,personal,클래스 수강 이전 : 전액 환불\n클래스 시작 후 : 환불 불가,15000,8,100000
149,[초보반] 매봉역 5분 직장인 취미 전용 통기타 클래스,acoustic_guitar,애플 기타 교습소,직장에서 받은 스트레스를 통기타로 풀어보세요,없음,personal,클래스 수강 이전 : 전액 환불\n클래스 시작 후 : 환불 불가,15000,8,100000
150,[초보반] 강남역 5분 직장인도 쉽게 배우는 어쿠스틱 기타 클래스,acoustic_guitar,스마일라이프,"퇴근 길, 통기타 치고 스트레스 풀고 가세요",없음,personal,클래스 수강 이전 : 전액 환불\n클래스 시작 후 : 환불 불가,40000,4,150000
151,[초보반] 강남역 5분 직장인도 쉽게 배우는 어쿠스틱 기타 클래스,acoustic_guitar,스마일라이프,"퇴근 길, 통기타 치고 스트레스 풀고 가세요",없음,personal,클래스 수강 이전 : 전액 환불\n클래스 시작 후 : 환불 불가,40000,4,150000
152,[초보반] 강남역 5분 직장인도 쉽게 배우는 어쿠스틱 기타 클래스,acoustic_guitar,스마일라이프,"퇴근 길, 통기타 치고 스트레스 풀고 가세요",없음,personal,클래스 수강 이전 : 전액 환불\n클래스 시작 후 : 환불 불가,40000,4,150000
153,[초보반] 강남역 5분 직장인도 쉽게 배우는 어쿠스틱 기타 클래스,acoustic_guitar,스마일라이프,"퇴근 길, 통기타 치고 스트레스 풀고 가세요",없음,personal,클래스 수강 이전 : 전액 환불\n클래스 시작 후 : 환불 불가,40000,4,150000
154,[초보반] 강남역 5분 직장인도 쉽게 배우는 어쿠스틱 기타 클래스,acoustic_guitar,스마일라이프,"퇴근 길, 통기타 치고 스트레스 풀고 가세요",없음,personal,클래스 수강 이전 : 전액 환불\n클래스 시작 후 : 환불 불가,40000,4,150000
155,[초보반] 강남역 5분 직장인도 쉽게 배우는 어쿠스틱 기타 클래스,acoustic_guitar,스마일라이프,"퇴근 길, 통기타 치고 스트레스 풀고 가세요",없음,personal,클래스 수강 이전 : 전액 환불\n클래스 시작 후 : 환불 불가,40000,4,150000
156,[초보반] 강남역 5분 직장인도 쉽게 배우는 어쿠스틱 기타 클래스,acoustic_guitar,스마일라이프,"퇴근 길, 통기타 치고 스트레스 풀고 가세요",없음,personal,클래스 수강 이전 : 전액 환불\n클래스 시작 후 : 환불 불가,40000,4,150000
157,[초보반] 강남역 5분 직장인도 쉽게 배우는 어쿠스틱 기타 클래스,acoustic_guitar,스마일라이프,"퇴근 길, 통기타 치고 스트레스 풀고 가세요",없음,personal,클래스 수강 이전 : 전액 환불\n클래스 시작 후 : 환불 불가,40000,4,150000
158,[초보반] 강남역 5분 직장인도 쉽게 배우는 어쿠스틱 기타 클래스,acoustic_guitar,스마일라이프,"퇴근 길, 통기타 치고 스트레스 풀고 가세요",없음,personal,클래스 수강 이전 : 전액 환불\n클래스 시작 후 : 환불 불가,40000,4,150000
159,[초보반] 강남역 5분 직장인도 쉽게 배우는 어쿠스틱 기타 클래스,acoustic_guitar,스마일라이프,"퇴근 길, 통기타 치고 스트레스 풀고 가세요",없음,personal,클래스 수강 이전 : 전액 환불\n클래스 시작 후 : 환불 불가,40000,4,150000
160,[초보반] 강남역 5분 직장인도 쉽게 배우는 어쿠스틱 기타 클래스,acoustic_guitar,스마일라이프,"퇴근 길, 통기타 치고 스트레스 풀고 가세요",없음,personal,클래스 수강 이전 : 전액 환불\n클래스 시작 후 : 환불 불가,40000,4,150000
161,[초보반] 강남역 5분 직장인도 쉽게 배우는 어쿠스틱 기타 클래스,acoustic_guitar,스마일라이프,"퇴근 길, 통기타 치고 스트레스 풀고 가세요",없음,personal,클래스 수강 이전 : 전액 환불\n클래스 시작 후 : 환불 불가,40000,4,150000
162,[초보반] 강남역 5분 직장인도 쉽게 배우는 어쿠스틱 기타 클래스,acoustic_guitar,스마일라이프,"퇴근 길, 통기타 치고 스트레스 풀고 가세요",없음,personal,클래스 수강 이전 : 전액 환불\n클래스 시작 후 : 환불 불가,40000,4,150000
163,[초보반] 강남역 5분 직장인도 쉽게 배우는 어쿠스틱 기타 클래스,acoustic_guitar,스마일라이프,"퇴근 길, 통기타 치고 스트레스 풀고 가세요",없음,personal,클래스 수강 이전 : 전액 환불\n클래스 시작 후 : 환불 불가,40000,4,150000
164,[초보반] 강남역 5분 직장인도 쉽게 배우는 어쿠스틱 기타 클래스,acoustic_guitar,스마일라이프,"퇴근 길, 통기타 치고 스트레스 풀고 가세요",없음,personal,클래스 수강 이전 : 전액 환불\n클래스 시작 후 : 환불 불가,40000,4,150000
165,[초보반] 강남역 5분 직장인도 쉽게 배우는 어쿠스틱 기타 클래스,acoustic_guitar,스마일라이프,"퇴근 길, 통기타 치고 스트레스 풀고 가세요",없음,personal,클래스 수강 이전 : 전액 환불\n클래스 시작 후 : 환불 불가,40000,4,150000
166,[초보반] 강남역 5분 직장인도 쉽게 배우는 어쿠스틱 기타 클래스,acoustic_guitar,스마일라이프,"퇴근 길, 통기타 치고 스트레스 풀고 가세요",없음,personal,클래스 수강 이전 : 전액 환불\n클래스 시작 후 : 환불 불가,40000,4,150000
167,[초보반] 강남역 5분 직장인도 쉽게 배우는 어쿠스틱 기타 클래스,acoustic_guitar,스마일라이프,"퇴근 길, 통기타 치고 스트레스 풀고 가세요",없음,personal,클래스 수강 이전 : 전액 환불\n클래스 시작 후 : 환불 불가,40000,4,150000
168,[초보반] 강남역 5분 직장인도 쉽게 배우는 어쿠스틱 기타 클래스,acoustic_guitar,스마일라이프,"퇴근 길, 통기타 치고 스트레스 풀고 가세요",없음,personal,클래스 수강 이전 : 전액 환불\n클래스 시작 후 : 환불 불가,40000,4,150000
169,[초보반] 강남역 5분 직장인도 쉽게 배우는 어쿠스틱 기타 클래스,acoustic_guitar,스마일라이프,"퇴근 길, 통기타 치고 스트레스 풀고 가세요",없음,personal,클래스 수강 이전 : 전액 환불\n클래스 시작 후 : 환불 불가,40000,4,150000
170,[초보반] 강남역 5분 직장인도 쉽게 배우는 어쿠스틱 기타 클래스,acoustic_guitar,스마일라이프,"퇴근 길, 통기타 치고 스트레스 풀고 가세요",없음,personal,클래스 수강 이전 : 전액 환불\n클래스 시작 후 : 환불 불가,40000,4,150000
171,[초보반] 강남역 5분 직장인도 쉽게 배우는 어쿠스틱 기타 클래스,acoustic_guitar,스마일라이프,"퇴근 길, 통기타 치고 스트레스 풀고 가세요",없음,personal,클래스 수강 이전 : 전액 환불\n클래스 시작 후 : 환불 불가,40000,4,150000
172,[초보반] 강남역 5분 직장인도 쉽게 배우는 어쿠스틱 기타 클래스,acoustic_guitar,스마일라이프,"퇴근 길, 통기타 치고 스트레스 풀고 가세요",없음,personal,클래스 수강 이전 : 전액 환불\n클래스 시작 후 : 환불 불가,40000,4,150000
173,[초보반] 강남역 5분 직장인도 쉽게 배우는 어쿠스틱 기타 클래스,acoustic_guitar,스마일라이프,"퇴근 길, 통기타 치고 스트레스 풀고 가세요",없음,personal,클래스 수강 이전 : 전액 환불\n클래스 시작 후 : 환불 불가,40000,4,150000
174,[초보반] 강남역 5분 직장인도 쉽게 배우는 어쿠스틱 기타 클래스,acoustic_guitar,스마일라이프,"퇴근 길, 통기타 치고 스트레스 풀고 가세요",없음,personal,클래스 수강 이전 : 전액 환불\n클래스 시작 후 : 환불 불가,40000,4,150000
175,[초보반] 강남역 5분 직장인도 쉽게 배우는 어쿠스틱 기타 클래스,acoustic_guitar,스마일라이프,"퇴근 길, 통기타 치고 스트레스 풀고 가세요",없음,personal,클래스 수강 이전 : 전액 환불\n클래스 시작 후 : 환불 불가,40000,4,150000
176,[초보반] 강남역 5분 직장인도 쉽게 배우는 어쿠스틱 기타 클래스,acoustic_guitar,스마일라이프,"퇴근 길, 통기타 치고 스트레스 풀고 가세요",없음,personal,클래스 수강 이전 : 전액 환불\n클래스 시작 후 : 환불 불가,40000,4,150000
177,[초보반] 강남역 5분 직장인도 쉽게 배우는 어쿠스틱 기타 클래스,acoustic_guitar,스마일라이프,"퇴근 길, 통기타 치고 스트레스 풀고 가세요",없음,personal,클래스 수강 이전 : 전액 환불\n클래스 시작 후 : 환불 불가,40000,4,150000
178,[초보반] 교대역 5분 초보도 금방 배우는 어쿠스틱 기타 클래스,acoustic_guitar,서초 실용음악 학원,어쿠스틱 기타로 하루를 마무리 하세요,없음,personal,클래스 수강 이전 : 전액 환불\n클래스 시작 후 : 환불 불가,55000,4,200000
179,[초보반] 교대역 5분 초보도 금방 배우는 어쿠스틱 기타 클래스,acoustic_guitar,서초 실용음악 학원,어쿠스틱 기타로 하루를 마무리 하세요,없음,personal,클래스 수강 이전 : 전액 환불\n클래스 시작 후 : 환불 불가,55000,4,200000
180,[초보반] 교대역 5분 초보도 금방 배우는 어쿠스틱 기타 클래스,acoustic_guitar,서초 실용음악 학원,어쿠스틱 기타로 하루를 마무리 하세요,없음,personal,클래스 수강 이전 : 전액 환불\n클래스 시작 후 : 환불 불가,55000,4,200000
181,[초보반] 교대역 5분 초보도 금방 배우는 어쿠스틱 기타 클래스,acoustic_guitar,서초 실용음악 학원,어쿠스틱 기타로 하루를 마무리 하세요,없음,personal,클래스 수강 이전 : 전액 환불\n클래스 시작 후 : 환불 불가,55000,4,200000
182,[초보반] 교대역 5분 초보도 금방 배우는 어쿠스틱 기타 클래스,acoustic_guitar,서초 실용음악 학원,어쿠스틱 기타로 하루를 마무리 하세요,없음,personal,클래스 수강 이전 : 전액 환불\n클래스 시작 후 : 환불 불가,55000,4,200000
183,[초보반] 교대역 5분 초보도 금방 배우는 어쿠스틱 기타 클래스,acoustic_guitar,서초 실용음악 학원,어쿠스틱 기타로 하루를 마무리 하세요,없음,personal,클래스 수강 이전 : 전액 환불\n클래스 시작 후 : 환불 불가,55000,4,200000
184,[초보반] 교대역 5분 초보도 금방 배우는 어쿠스틱 기타 클래스,acoustic_guitar,서초 실용음악 학원,어쿠스틱 기타로 하루를 마무리 하세요,없음,personal,클래스 수강 이전 : 전액 환불\n클래스 시작 후 : 환불 불가,55000,4,200000
185,[초보반] 교대역 5분 초보도 금방 배우는 어쿠스틱 기타 클래스,acoustic_guitar,서초 실용음악 학원,어쿠스틱 기타로 하루를 마무리 하세요,없음,personal,클래스 수강 이전 : 전액 환불\n클래스 시작 후 : 환불 불가,55000,4,200000
186,[초보반] 교대역 5분 초보도 금방 배우는 어쿠스틱 기타 클래스,acoustic_guitar,서초 실용음악 학원,어쿠스틱 기타로 하루를 마무리 하세요,없음,personal,클래스 수강 이전 : 전액 환불\n클래스 시작 후 : 환불 불가,55000,4,200000
187,[초보반] 교대역 5분 초보도 금방 배우는 어쿠스틱 기타 클래스,acoustic_guitar,서초 실용음악 학원,어쿠스틱 기타로 하루를 마무리 하세요,없음,personal,클래스 수강 이전 : 전액 환불\n클래스 시작 후 : 환불 불가,55000,4,200000
188,[초보반] 교대역 5분 초보도 금방 배우는 어쿠스틱 기타 클래스,acoustic_guitar,서초 실용음악 학원,어쿠스틱 기타로 하루를 마무리 하세요,없음,personal,클래스 수강 이전 : 전액 환불\n클래스 시작 후 : 환불 불가,55000,4,200000
189,[초보반] 교대역 5분 초보도 금방 배우는 어쿠스틱 기타 클래스,acoustic_guitar,서초 실용음악 학원,어쿠스틱 기타로 하루를 마무리 하세요,없음,personal,클래스 수강 이전 : 전액 환불\n클래스 시작 후 : 환불 불가,55000,4,200000
190,[초보반] 교대역 5분 초보도 금방 배우는 어쿠스틱 기타 클래스,acoustic_guitar,서초 실용음악 학원,어쿠스틱 기타로 하루를 마무리 하세요,없음,personal,클래스 수강 이전 : 전액 환불\n클래스 시작 후 : 환불 불가,55000,4,200000
191,[초보반] 교대역 5분 초보도 금방 배우는 어쿠스틱 기타 클래스,acoustic_guitar,서초 실용음악 학원,어쿠스틱 기타로 하루를 마무리 하세요,없음,personal,클래스 수강 이전 : 전액 환불\n클래스 시작 후 : 환불 불가,55000,4,200000
192,[초보반] 교대역 5분 초보도 금방 배우는 어쿠스틱 기타 클래스,acoustic_guitar,서초 실용음악 학원,어쿠스틱 기타로 하루를 마무리 하세요,없음,personal,클래스 수강 이전 : 전액 환불\n클래스 시작 후 : 환불 불가,55000,4,200000
193,[초보반] 교대역 5분 초보도 금방 배우는 어쿠스틱 기타 클래스,acoustic_guitar,서초 실용음악 학원,어쿠스틱 기타로 하루를 마무리 하세요,없음,personal,클래스 수강 이전 : 전액 환불\n클래스 시작 후 : 환불 불가,55000,4,200000
194,[초보반] 교대역 5분 초보도 금방 배우는 어쿠스틱 기타 클래스,acoustic_guitar,서초 실용음악 학원,어쿠스틱 기타로 하루를 마무리 하세요,없음,personal,클래스 수강 이전 : 전액 환불\n클래스 시작 후 : 환불 불가,55000,4,200000
195,[초보반] 교대역 5분 초보도 금방 배우는 어쿠스틱 기타 클래스,acoustic_guitar,서초 실용음악 학원,어쿠스틱 기타로 하루를 마무리 하세요,없음,personal,클래스 수강 이전 : 전액 환불\n클래스 시작 후 : 환불 불가,55000,4,200000
196,[초보반] 교대역 5분 초보도 금방 배우는 어쿠스틱 기타 클래스,acoustic_guitar,서초 실용음악 학원,어쿠스틱 기타로 하루를 마무리 하세요,없음,personal,클래스 수강 이전 : 전액 환불\n클래스 시작 후 : 환불 불가,55000,4,200000
197,[초보반] 교대역 5분 초보도 금방 배우는 어쿠스틱 기타 클래스,acoustic_guitar,서초 실용음악 학원,어쿠스틱 기타로 하루를 마무리 하세요,없음,personal,클래스 수강 이전 : 전액 환불\n클래스 시작 후 : 환불 불가,55000,4,200000
198,[초보반] 교대역 5분 초보도 금방 배우는 어쿠스틱 기타 클래스,acoustic_guitar,서초 실용음악 학원,어쿠스틱 기타로 하루를 마무리 하세요,없음,personal,클래스 수강 이전 : 전액 환불\n클래스 시작 후 : 환불 불가,55000,4,200000
199,[초보반] 교대역 5분 초보도 금방 배우는 어쿠스틱 기타 클래스,acoustic_guitar,서초 실용음악 학원,어쿠스틱 기타로 하루를 마무리 하세요,없음,personal,클래스 수강 이전 : 전액 환불\n클래스 시작 후 : 환불 불가,55000,4,200000
200,[초보반] 교대역 5분 초보도 금방 배우는 어쿠스틱 기타 클래스,acoustic_guitar,서초 실용음악 학원,어쿠스틱 기타로 하루를 마무리 하세요,없음,personal,클래스 수강 이전 : 전액 환불\n클래스 시작 후 : 환불 불가,55000,4,200000
201,[초보반] 교대역 5분 초보도 금방 배우는 어쿠스틱 기타 클래스,acoustic_guitar,서초 실용음악 학원,어쿠스틱 기타로 하루를 마무리 하세요,없음,personal,클래스 수강 이전 : 전액 환불\n클래스 시작 후 : 환불 불가,55000,4,200000
202,[초보반] 교대역 5분 초보도 금방 배우는 어쿠스틱 기타 클래스,acoustic_guitar,서초 실용음악 학원,어쿠스틱 기타로 하루를 마무리 하세요,없음,personal,클래스 수강 이전 : 전액 환불\n클래스 시작 후 : 환불 불가,55000,4,200000
203,[초보반] 교대역 5분 초보도 금방 배우는 어쿠스틱 기타 클래스,acoustic_guitar,서초 실용음악 학원,어쿠스틱 기타로 하루를 마무리 하세요,없음,personal,클래스 수강 이전 : 전액 환불\n클래스 시작 후 : 환불 불가,55000,4,200000
204,[초보반] 교대역 5분 초보도 금방 배우는 어쿠스틱 기타 클래스,acoustic_guitar,서초 실용음악 학원,어쿠스틱 기타로 하루를 마무리 하세요,없음,personal,클래스 수강 이전 : 전액 환불\n클래스 시작 후 : 환불 불가,55000,4,200000
205,[초보반] 교대역 5분 초보도 금방 배우는 어쿠스틱 기타 클래스,acoustic_guitar,서초 실용음악 학원,어쿠스틱 기타로 하루를 마무리 하세요,없음,personal,클래스 수강 이전 : 전액 환불\n클래스 시작 후 : 환불 불가,55000,4,200000
206,[초보반] 한티역 5분 직장인을 위한 재밌는 어쿠스틱 기타 클래스,acoustic_guitar,단테보컬엔뮤직스튜디오,쉽고 재밌게 어쿠스틱 기타를 가르쳐 드립니다,없음,personal,클래스 수강 이전 : 전액 환불\n클래스 시작 후 : 환불 불가,40000,4,150000
207,[초보반] 한티역 5분 직장인을 위한 재밌는 어쿠스틱 기타 클래스,acoustic_guitar,단테보컬엔뮤직스튜디오,쉽고 재밌게 어쿠스틱 기타를 가르쳐 드립니다,없음,personal,클래스 수강 이전 : 전액 환불\n클래스 시작 후 : 환불 불가,40000,4,150000
208,[초보반] 한티역 5분 직장인을 위한 재밌는 어쿠스틱 기타 클래스,acoustic_guitar,단테보컬엔뮤직스튜디오,쉽고 재밌게 어쿠스틱 기타를 가르쳐 드립니다,없음,personal,클래스 수강 이전 : 전액 환불\n클래스 시작 후 : 환불 불가,40000,4,150000
209,[초보반] 한티역 5분 직장인을 위한 재밌는 어쿠스틱 기타 클래스,acoustic_guitar,단테보컬엔뮤직스튜디오,쉽고 재밌게 어쿠스틱 기타를 가르쳐 드립니다,없음,personal,클래스 수강 이전 : 전액 환불\n클래스 시작 후 : 환불 불가,40000,4,150000
210,[초보반] 한티역 5분 직장인을 위한 재밌는 어쿠스틱 기타 클래스,acoustic_guitar,단테보컬엔뮤직스튜디오,쉽고 재밌게 어쿠스틱 기타를 가르쳐 드립니다,없음,personal,클래스 수강 이전 : 전액 환불\n클래스 시작 후 : 환불 불가,40000,4,150000
211,[초보반] 한티역 5분 직장인을 위한 재밌는 어쿠스틱 기타 클래스,acoustic_guitar,단테보컬엔뮤직스튜디오,쉽고 재밌게 어쿠스틱 기타를 가르쳐 드립니다,없음,personal,클래스 수강 이전 : 전액 환불\n클래스 시작 후 : 환불 불가,40000,4,150000
212,[초보반] 한티역 5분 직장인을 위한 재밌는 어쿠스틱 기타 클래스,acoustic_guitar,단테보컬엔뮤직스튜디오,쉽고 재밌게 어쿠스틱 기타를 가르쳐 드립니다,없음,personal,클래스 수강 이전 : 전액 환불\n클래스 시작 후 : 환불 불가,40000,4,150000
213,[초보반] 한티역 5분 직장인을 위한 재밌는 어쿠스틱 기타 클래스,acoustic_guitar,단테보컬엔뮤직스튜디오,쉽고 재밌게 어쿠스틱 기타를 가르쳐 드립니다,없음,personal,클래스 수강 이전 : 전액 환불\n클래스 시작 후 : 환불 불가,40000,4,150000
214,[초보반] 한티역 5분 직장인을 위한 재밌는 어쿠스틱 기타 클래스,acoustic_guitar,단테보컬엔뮤직스튜디오,쉽고 재밌게 어쿠스틱 기타를 가르쳐 드립니다,없음,personal,클래스 수강 이전 : 전액 환불\n클래스 시작 후 : 환불 불가,40000,4,150000
215,[초보반] 한티역 5분 직장인을 위한 재밌는 어쿠스틱 기타 클래스,acoustic_guitar,단테보컬엔뮤직스튜디오,쉽고 재밌게 어쿠스틱 기타를 가르쳐 드립니다,없음,personal,클래스 수강 이전 : 전액 환불\n클래스 시작 후 : 환불 불가,40000,4,150000
216,[초보반] 한티역 5분 직장인을 위한 재밌는 어쿠스틱 기타 클래스,acoustic_guitar,단테보컬엔뮤직스튜디오,쉽고 재밌게 어쿠스틱 기타를 가르쳐 드립니다,없음,personal,클래스 수강 이전 : 전액 환불\n클래스 시작 후 : 환불 불가,40000,4,150000
217,[초보반] 한티역 5분 직장인을 위한 재밌는 어쿠스틱 기타 클래스,acoustic_guitar,단테보컬엔뮤직스튜디오,쉽고 재밌게 어쿠스틱 기타를 가르쳐 드립니다,없음,personal,클래스 수강 이전 : 전액 환불\n클래스 시작 후 : 환불 불가,40000,4,150000
218,[초보반] 한티역 5분 직장인을 위한 재밌는 어쿠스틱 기타 클래스,acoustic_guitar,단테보컬엔뮤직스튜디오,쉽고 재밌게 어쿠스틱 기타를 가르쳐 드립니다,없음,personal,클래스 수강 이전 : 전액 환불\n클래스 시작 후 : 환불 불가,40000,4,150000
219,[초보반] 한티역 5분 직장인을 위한 재밌는 어쿠스틱 기타 클래스,acoustic_guitar,단테보컬엔뮤직스튜디오,쉽고 재밌게 어쿠스틱 기타를 가르쳐 드립니다,없음,personal,클래스 수강 이전 : 전액 환불\n클래스 시작 후 : 환불 불가,40000,4,150000
220,[초보반] 한티역 5분 직장인을 위한 재밌는 어쿠스틱 기타 클래스,acoustic_guitar,단테보컬엔뮤직스튜디오,쉽고 재밌게 어쿠스틱 기타를 가르쳐 드립니다,없음,personal,클래스 수강 이전 : 전액 환불\n클래스 시작 후 : 환불 불가,40000,4,150000
221,[초보반] 한티역 5분 직장인을 위한 재밌는 어쿠스틱 기타 클래스,acoustic_guitar,단테보컬엔뮤직스튜디오,쉽고 재밌게 어쿠스틱 기타를 가르쳐 드립니다,없음,personal,클래스 수강 이전 : 전액 환불\n클래스 시작 후 : 환불 불가,40000,4,150000
222,[초보반] 한티역 5분 직장인을 위한 재밌는 어쿠스틱 기타 클래스,acoustic_guitar,단테보컬엔뮤직스튜디오,쉽고 재밌게 어쿠스틱 기타를 가르쳐 드립니다,없음,personal,클래스 수강 이전 : 전액 환불\n클래스 시작 후 : 환불 불가,40000,4,150000
223,[초보반] 한티역 5분 직장인을 위한 재밌는 어쿠스틱 기타 클래스,acoustic_guitar,단테보컬엔뮤직스튜디오,쉽고 재밌게 어쿠스틱 기타를 가르쳐 드립니다,없음,personal,클래스 수강 이전 : 전액 환불\n클래스 시작 후 : 환불 불가,40000,4,150000
224,[초보반] 한티역 5분 직장인을 위한 재밌는 어쿠스틱 기타 클래스,acoustic_guitar,단테보컬엔뮤직스튜디오,쉽고 재밌게 어쿠스틱 기타를 가르쳐 드립니다,없음,personal,클래스 수강 이전 : 전액 환불\n클래스 시작 후 : 환불 불가,40000,4,150000
225,[초보반] 한티역 5분 직장인을 위한 재밌는 어쿠스틱 기타 클래스,acoustic_guitar,단테보컬엔뮤직스튜디오,쉽고 재밌게 어쿠스틱 기타를 가르쳐 드립니다,없음,personal,클래스 수강 이전 : 전액 환불\n클래스 시작 후 : 환불 불가,40000,4,150000
226,[초보반] 한티역 5분 직장인을 위한 재밌는 어쿠스틱 기타 클래스,acoustic_guitar,단테보컬엔뮤직스튜디오,쉽고 재밌게 어쿠스틱 기타를 가르쳐 드립니다,없음,personal,클래스 수강 이전 : 전액 환불\n클래스 시작 후 : 환불 불가,40000,4,150000
227,[초보반] 한티역 5분 직장인을 위한 재밌는 어쿠스틱 기타 클래스,acoustic_guitar,단테보컬엔뮤직스튜디오,쉽고 재밌게 어쿠스틱 기타를 가르쳐 드립니다,없음,personal,클래스 수강 이전 : 전액 환불\n클래스 시작 후 : 환불 불가,40000,4,150000
228,[초보반] 한티역 5분 직장인을 위한 재밌는 어쿠스틱 기타 클래스,acoustic_guitar,단테보컬엔뮤직스튜디오,쉽고 재밌게 어쿠스틱 기타를 가르쳐 드립니다,없음,personal,클래스 수강 이전 : 전액 환불\n클래스 시작 후 : 환불 불가,40000,4,150000
229,[초보반] 한티역 5분 직장인을 위한 재밌는 어쿠스틱 기타 클래스,acoustic_guitar,단테보컬엔뮤직스튜디오,쉽고 재밌게 어쿠스틱 기타를 가르쳐 드립니다,없음,personal,클래스 수강 이전 : 전액 환불\n클래스 시작 후 : 환불 불가,40000,4,150000
230,[초보반] 한티역 5분 직장인을 위한 재밌는 어쿠스틱 기타 클래스,acoustic_guitar,단테보컬엔뮤직스튜디오,쉽고 재밌게 어쿠스틱 기타를 가르쳐 드립니다,없음,personal,클래스 수강 이전 : 전액 환불\n클래스 시작 후 : 환불 불가,40000,4,150000
231,[초보반] 한티역 5분 직장인을 위한 재밌는 어쿠스틱 기타 클래스,acoustic_guitar,단테보컬엔뮤직스튜디오,쉽고 재밌게 어쿠스틱 기타를 가르쳐 드립니다,없음,personal,클래스 수강 이전 : 전액 환불\n클래스 시작 후 : 환불 불가,40000,4,150000
232,[초보반] 한티역 5분 직장인을 위한 재밌는 어쿠스틱 기타 클래스,acoustic_guitar,단테보컬엔뮤직스튜디오,쉽고 재밌게 어쿠스틱 기타를 가르쳐 드립니다,없음,personal,클래스 수강 이전 : 전액 환불\n클래스 시작 후 : 환불 불가,40000,4,150000
233,[초보반] 한티역 5분 직장인을 위한 재밌는 어쿠스틱 기타 클래스,acoustic_guitar,단테보컬엔뮤직스튜디오,쉽고 재밌게 어쿠스틱 기타를 가르쳐 드립니다,없음,personal,클래스 수강 이전 : 전액 환불\n클래스 시작 후 : 환불 불가,40000,4,150000
234,[초보반] 한티역 5분 직장인을 위한 재밌는 어쿠스틱 기타 클래스,acoustic_guitar,단테보컬엔뮤직스튜디오,쉽고 재밌게 어쿠스틱 기타를 가르쳐 드립니다,없음,personal,클래스 수강 이전 : 전액 환불\n클래스 시작 후 : 환불 불가,40000,4,150000
235,[초보반] 한티역 5분 직장인을 위한 재밌는 어쿠스틱 기타 클래스,acoustic_guitar,단테보컬엔뮤직스튜디오,쉽고 재밌게 어쿠스틱 기타를 가르쳐 드립니다,없음,personal,클래스 수강 이전 : 전액 환불\n클래스 시작 후 : 환불 불가,40000,4,150000
236,[초보반] 한티역 5분 직장인을 위한 재밌는 어쿠스틱 기타 클래스,acoustic_guitar,단테보컬엔뮤직스튜디오,쉽고 재밌게 어쿠스틱 기타를 가르쳐 드립니다,없음,personal,클래스 수강 이전 : 전액 환불\n클래스 시작 후 : 환불 불가,40000,4,150000
237,[초보반] 한티역 5분 직장인을 위한 재밌는 어쿠스틱 기타 클래스,acoustic_guitar,단테보컬엔뮤직스튜디오,쉽고 재밌게 어쿠스틱 기타를 가르쳐 드립니다,없음,personal,클래스 수강 이전 : 전액 환불\n클래스 시작 후 : 환불 불가,40000,4,150000
238,[초보반] 한티역 5분 직장인을 위한 재밌는 어쿠스틱 기타 클래스,acoustic_guitar,단테보컬엔뮤직스튜디오,쉽고 재밌게 어쿠스틱 기타를 가르쳐 드립니다,없음,personal,클래스 수강 이전 : 전액 환불\n클래스 시작 후 : 환불 불가,40000,4,150000
239,[초보반] 한티역 5분 직장인을 위한 재밌는 어쿠스틱 기타 클래스,acoustic_guitar,단테보컬엔뮤직스튜디오,쉽고 재밌게 어쿠스틱 기타를 가르쳐 드립니다,없음,personal,클래스 수강 이전 : 전액 환불\n클래스 시작 후 : 환불 불가,40000,4,150000
240,[초보반] 한티역 5분 직장인을 위한 재밌는 어쿠스틱 기타 클래스,acoustic_guitar,단테보컬엔뮤직스튜디오,쉽고 재밌게 어쿠스틱 기타를 가르쳐 드립니다,없음,personal,클래스 수강 이전 : 전액 환불\n클래스 시작 후 : 환불 불가,40000,4,150000
241,왕초보도 쉽게 쉽게 따라 배울 수 있는 통기타,acoustic_guitar,라브우기,준비물 없이 몸만 와서 배우는 통기타 연주! 2개월 만에 '벚꽃엔딩'연주도 가능합니다!,없음,group,클래스 수강 이전 : 전액 환불\n클래스 시작 후 : 환불 불가,20000,4,70000
242,왕초보도 쉽게 쉽게 따라 배울 수 있는 통기타,acoustic_guitar,라브우기,준비물 없이 몸만 와서 배우는 통기타 연주! 2개월 만에 '벚꽃엔딩'연주도 가능합니다!,없음,group,클래스 수강 이전 : 전액 환불\n클래스 시작 후 : 환불 불가,20000,4,70000
243,왕초보도 쉽게 쉽게 따라 배울 수 있는 통기타,acoustic_guitar,라브우기,준비물 없이 몸만 와서 배우는 통기타 연주! 2개월 만에 '벚꽃엔딩'연주도 가능합니다!,없음,group,클래스 수강 이전 : 전액 환불\n클래스 시작 후 : 환불 불가,20000,4,70000
244,왕초보도 쉽게 쉽게 따라 배울 수 있는 통기타,acoustic_guitar,라브우기,준비물 없이 몸만 와서 배우는 통기타 연주! 2개월 만에 '벚꽃엔딩'연주도 가능합니다!,없음,group,클래스 수강 이전 : 전액 환불\n클래스 시작 후 : 환불 불가,20000,4,70000
245,왕초보도 쉽게 쉽게 따라 배울 수 있는 통기타,acoustic_guitar,라브우기,준비물 없이 몸만 와서 배우는 통기타 연주! 2개월 만에 '벚꽃엔딩'연주도 가능합니다!,없음,group,클래스 수강 이전 : 전액 환불\n클래스 시작 후 : 환불 불가,20000,4,70000
246,왕초보도 쉽게 쉽게 따라 배울 수 있는 통기타,acoustic_guitar,라브우기,준비물 없이 몸만 와서 배우는 통기타 연주! 2개월 만에 '벚꽃엔딩'연주도 가능합니다!,없음,group,클래스 수강 이전 : 전액 환불\n클래스 시작 후 : 환불 불가,20000,4,70000
247,왕초보도 쉽게 쉽게 따라 배울 수 있는 통기타,acoustic_guitar,라브우기,준비물 없이 몸만 와서 배우는 통기타 연주! 2개월 만에 '벚꽃엔딩'연주도 가능합니다!,없음,group,클래스 수강 이전 : 전액 환불\n클래스 시작 후 : 환불 불가,20000,4,70000
248,왕초보도 쉽게 쉽게 따라 배울 수 있는 통기타,acoustic_guitar,라브우기,준비물 없이 몸만 와서 배우는 통기타 연주! 2개월 만에 '벚꽃엔딩'연주도 가능합니다!,없음,group,클래스 수강 이전 : 전액 환불\n클래스 시작 후 : 환불 불가,20000,4,70000
249,왕초보도 쉽게 쉽게 따라 배울 수 있는 통기타,acoustic_guitar,라브우기,준비물 없이 몸만 와서 배우는 통기타 연주! 2개월 만에 '벚꽃엔딩'연주도 가능합니다!,없음,group,클래스 수강 이전 : 전액 환불\n클래스 시작 후 : 환불 불가,20000,4,70000
250,왕초보도 쉽게 쉽게 따라 배울 수 있는 통기타,acoustic_guitar,라브우기,준비물 없이 몸만 와서 배우는 통기타 연주! 2개월 만에 '벚꽃엔딩'연주도 가능합니다!,없음,group,클래스 수강 이전 : 전액 환불\n클래스 시작 후 : 환불 불가,20000,4,70000
251,왕초보도 쉽게 쉽게 따라 배울 수 있는 통기타,acoustic_guitar,라브우기,준비물 없이 몸만 와서 배우는 통기타 연주! 2개월 만에 '벚꽃엔딩'연주도 가능합니다!,없음,group,클래스 수강 이전 : 전액 환불\n클래스 시작 후 : 환불 불가,20000,4,70000
252,왕초보도 쉽게 쉽게 따라 배울 수 있는 통기타,acoustic_guitar,라브우기,준비물 없이 몸만 와서 배우는 통기타 연주! 2개월 만에 '벚꽃엔딩'연주도 가능합니다!,없음,group,클래스 수강 이전 : 전액 환불\n클래스 시작 후 : 환불 불가,20000,4,70000
253,왕초보도 쉽게 쉽게 따라 배울 수 있는 통기타,acoustic_guitar,라브우기,준비물 없이 몸만 와서 배우는 통기타 연주! 2개월 만에 '벚꽃엔딩'연주도 가능합니다!,없음,group,클래스 수강 이전 : 전액 환불\n클래스 시작 후 : 환불 불가,20000,4,70000
254,[초보전용] 역삼역 3분 직장인 취미 일렉기타 클래스,electronic_guitar,매치 스튜디오,퇴근 후 쉽고 재밌게 일렉기타를 배워보세요,없음,personal,클래스 수강 이전 : 전액 환불\n클래스 시작 후 : 환불 불가,25000,8,185000
255,[초보전용] 역삼역 3분 직장인 취미 일렉기타 클래스,electronic_guitar,매치 스튜디오,퇴근 후 쉽고 재밌게 일렉기타를 배워보세요,없음,personal,클래스 수강 이전 : 전액 환불\n클래스 시작 후 : 환불 불가,25000,8,185000
256,[초보전용] 역삼역 3분 직장인 취미 일렉기타 클래스,electronic_guitar,매치 스튜디오,퇴근 후 쉽고 재밌게 일렉기타를 배워보세요,없음,personal,클래스 수강 이전 : 전액 환불\n클래스 시작 후 : 환불 불가,25000,8,185000
257,[초보전용] 역삼역 3분 직장인 취미 일렉기타 클래스,electronic_guitar,매치 스튜디오,퇴근 후 쉽고 재밌게 일렉기타를 배워보세요,없음,personal,클래스 수강 이전 : 전액 환불\n클래스 시작 후 : 환불 불가,25000,8,185000
258,[초보전용] 역삼역 3분 직장인 취미 일렉기타 클래스,electronic_guitar,매치 스튜디오,퇴근 후 쉽고 재밌게 일렉기타를 배워보세요,없음,personal,클래스 수강 이전 : 전액 환불\n클래스 시작 후 : 환불 불가,25000,8,185000
259,[초보전용] 역삼역 3분 직장인 취미 일렉기타 클래스,electronic_guitar,매치 스튜디오,퇴근 후 쉽고 재밌게 일렉기타를 배워보세요,없음,personal,클래스 수강 이전 : 전액 환불\n클래스 시작 후 : 환불 불가,25000,8,185000
260,[초보전용] 역삼역 3분 직장인 취미 일렉기타 클래스,electronic_guitar,매치 스튜디오,퇴근 후 쉽고 재밌게 일렉기타를 배워보세요,없음,personal,클래스 수강 이전 : 전액 환불\n클래스 시작 후 : 환불 불가,25000,8,185000
261,[초보전용] 역삼역 3분 직장인 취미 일렉기타 클래스,electronic_guitar,매치 스튜디오,퇴근 후 쉽고 재밌게 일렉기타를 배워보세요,없음,personal,클래스 수강 이전 : 전액 환불\n클래스 시작 후 : 환불 불가,25000,8,185000
262,[초보전용] 역삼역 3분 직장인 취미 일렉기타 클래스,electronic_guitar,매치 스튜디오,퇴근 후 쉽고 재밌게 일렉기타를 배워보세요,없음,personal,클래스 수강 이전 : 전액 환불\n클래스 시작 후 : 환불 불가,25000,8,185000
263,[초보전용] 역삼역 3분 직장인 취미 일렉기타 클래스,electronic_guitar,매치 스튜디오,퇴근 후 쉽고 재밌게 일렉기타를 배워보세요,없음,personal,클래스 수강 이전 : 전액 환불\n클래스 시작 후 : 환불 불가,25000,8,185000
264,[초보전용] 역삼역 3분 직장인 취미 일렉기타 클래스,electronic_guitar,매치 스튜디오,퇴근 후 쉽고 재밌게 일렉기타를 배워보세요,없음,personal,클래스 수강 이전 : 전액 환불\n클래스 시작 후 : 환불 불가,50000,4,185000
265,[초보전용] 역삼역 3분 직장인 취미 일렉기타 클래스,electronic_guitar,매치 스튜디오,퇴근 후 쉽고 재밌게 일렉기타를 배워보세요,없음,personal,클래스 수강 이전 : 전액 환불\n클래스 시작 후 : 환불 불가,50000,4,185000
266,[초보전용] 역삼역 3분 직장인 취미 일렉기타 클래스,electronic_guitar,매치 스튜디오,퇴근 후 쉽고 재밌게 일렉기타를 배워보세요,없음,personal,클래스 수강 이전 : 전액 환불\n클래스 시작 후 : 환불 불가,50000,4,185000
267,[초보전용] 역삼역 3분 직장인 취미 일렉기타 클래스,electronic_guitar,매치 스튜디오,퇴근 후 쉽고 재밌게 일렉기타를 배워보세요,없음,personal,클래스 수강 이전 : 전액 환불\n클래스 시작 후 : 환불 불가,50000,4,185000
268,[초보전용] 역삼역 3분 직장인 취미 일렉기타 클래스,electronic_guitar,매치 스튜디오,퇴근 후 쉽고 재밌게 일렉기타를 배워보세요,없음,personal,클래스 수강 이전 : 전액 환불\n클래스 시작 후 : 환불 불가,50000,4,185000
269,[초보전용] 역삼역 3분 직장인 취미 일렉기타 클래스,electronic_guitar,매치 스튜디오,퇴근 후 쉽고 재밌게 일렉기타를 배워보세요,없음,personal,클래스 수강 이전 : 전액 환불\n클래스 시작 후 : 환불 불가,50000,4,185000
270,[초보전용] 역삼역 3분 직장인 취미 일렉기타 클래스,electronic_guitar,매치 스튜디오,퇴근 후 쉽고 재밌게 일렉기타를 배워보세요,없음,personal,클래스 수강 이전 : 전액 환불\n클래스 시작 후 : 환불 불가,50000,4,185000
271,[초보전용] 역삼역 3분 직장인 취미 일렉기타 클래스,electronic_guitar,매치 스튜디오,퇴근 후 쉽고 재밌게 일렉기타를 배워보세요,없음,personal,클래스 수강 이전 : 전액 환불\n클래스 시작 후 : 환불 불가,50000,4,185000
272,[초보전용] 역삼역 3분 직장인 취미 일렉기타 클래스,electronic_guitar,매치 스튜디오,퇴근 후 쉽고 재밌게 일렉기타를 배워보세요,없음,personal,클래스 수강 이전 : 전액 환불\n클래스 시작 후 : 환불 불가,50000,4,185000
273,[초보전용] 역삼역 3분 직장인 취미 일렉기타 클래스,electronic_guitar,매치 스튜디오,퇴근 후 쉽고 재밌게 일렉기타를 배워보세요,없음,personal,클래스 수강 이전 : 전액 환불\n클래스 시작 후 : 환불 불가,50000,4,185000
274,[초보전용] 역삼역 3분 직장인 취미 일렉기타 클래스,electronic_guitar,매치 스튜디오,퇴근 후 쉽고 재밌게 일렉기타를 배워보세요,없음,personal,클래스 수강 이전 : 전액 환불\n클래스 시작 후 : 환불 불가,25000,8,185000
275,[초보전용] 역삼역 3분 직장인 취미 일렉기타 클래스,electronic_guitar,매치 스튜디오,퇴근 후 쉽고 재밌게 일렉기타를 배워보세요,없음,personal,클래스 수강 이전 : 전액 환불\n클래스 시작 후 : 환불 불가,25000,8,185000
276,[초보전용] 역삼역 3분 직장인 취미 일렉기타 클래스,electronic_guitar,매치 스튜디오,퇴근 후 쉽고 재밌게 일렉기타를 배워보세요,없음,personal,클래스 수강 이전 : 전액 환불\n클래스 시작 후 : 환불 불가,25000,8,185000
277,[초보전용] 역삼역 3분 직장인 취미 일렉기타 클래스,electronic_guitar,매치 스튜디오,퇴근 후 쉽고 재밌게 일렉기타를 배워보세요,없음,personal,클래스 수강 이전 : 전액 환불\n클래스 시작 후 : 환불 불가,25000,8,185000
278,[초보전용] 역삼역 3분 직장인 취미 일렉기타 클래스,electronic_guitar,매치 스튜디오,퇴근 후 쉽고 재밌게 일렉기타를 배워보세요,없음,personal,클래스 수강 이전 : 전액 환불\n클래스 시작 후 : 환불 불가,25000,8,185000
279,[초보전용] 역삼역 3분 직장인 취미 일렉기타 클래스,electronic_guitar,매치 스튜디오,퇴근 후 쉽고 재밌게 일렉기타를 배워보세요,없음,personal,클래스 수강 이전 : 전액 환불\n클래스 시작 후 : 환불 불가,25000,8,185000
280,[초보전용] 역삼역 3분 직장인 취미 일렉기타 클래스,electronic_guitar,매치 스튜디오,퇴근 후 쉽고 재밌게 일렉기타를 배워보세요,없음,personal,클래스 수강 이전 : 전액 환불\n클래스 시작 후 : 환불 불가,25000,8,185000
281,[초보전용] 역삼역 3분 직장인 취미 일렉기타 클래스,electronic_guitar,매치 스튜디오,퇴근 후 쉽고 재밌게 일렉기타를 배워보세요,없음,personal,클래스 수강 이전 : 전액 환불\n클래스 시작 후 : 환불 불가,25000,8,185000
282,[초보전용] 역삼역 3분 직장인 취미 일렉기타 클래스,electronic_guitar,매치 스튜디오,퇴근 후 쉽고 재밌게 일렉기타를 배워보세요,없음,personal,클래스 수강 이전 : 전액 환불\n클래스 시작 후 : 환불 불가,25000,8,185000
283,[초보전용] 역삼역 3분 직장인 취미 일렉기타 클래스,electronic_guitar,매치 스튜디오,퇴근 후 쉽고 재밌게 일렉기타를 배워보세요,없음,personal,클래스 수강 이전 : 전액 환불\n클래스 시작 후 : 환불 불가,25000,8,185000
284,[초보전용] 역삼역 3분 직장인 취미 일렉기타 클래스,electronic_guitar,매치 스튜디오,퇴근 후 쉽고 재밌게 일렉기타를 배워보세요,없음,personal,클래스 수강 이전 : 전액 환불\n클래스 시작 후 : 환불 불가,50000,4,185000
285,[초보전용] 역삼역 3분 직장인 취미 일렉기타 클래스,electronic_guitar,매치 스튜디오,퇴근 후 쉽고 재밌게 일렉기타를 배워보세요,없음,personal,클래스 수강 이전 : 전액 환불\n클래스 시작 후 : 환불 불가,50000,4,185000
286,[초보전용] 역삼역 3분 직장인 취미 일렉기타 클래스,electronic_guitar,매치 스튜디오,퇴근 후 쉽고 재밌게 일렉기타를 배워보세요,없음,personal,클래스 수강 이전 : 전액 환불\n클래스 시작 후 : 환불 불가,50000,4,185000
287,[초보전용] 역삼역 3분 직장인 취미 일렉기타 클래스,electronic_guitar,매치 스튜디오,퇴근 후 쉽고 재밌게 일렉기타를 배워보세요,없음,personal,클래스 수강 이전 : 전액 환불\n클래스 시작 후 : 환불 불가,50000,4,185000
288,[초보전용] 역삼역 3분 직장인 취미 일렉기타 클래스,electronic_guitar,매치 스튜디오,퇴근 후 쉽고 재밌게 일렉기타를 배워보세요,없음,personal,클래스 수강 이전 : 전액 환불\n클래스 시작 후 : 환불 불가,50000,4,185000
289,[초보전용] 역삼역 3분 직장인 취미 일렉기타 클래스,electronic_guitar,매치 스튜디오,퇴근 후 쉽고 재밌게 일렉기타를 배워보세요,없음,personal,클래스 수강 이전 : 전액 환불\n클래스 시작 후 : 환불 불가,50000,4,185000
290,[초보전용] 역삼역 3분 직장인 취미 일렉기타 클래스,electronic_guitar,매치 스튜디오,퇴근 후 쉽고 재밌게 일렉기타를 배워보세요,없음,personal,클래스 수강 이전 : 전액 환불\n클래스 시작 후 : 환불 불가,50000,4,185000
291,[초보전용] 역삼역 3분 직장인 취미 일렉기타 클래스,electronic_guitar,매치 스튜디오,퇴근 후 쉽고 재밌게 일렉기타를 배워보세요,없음,personal,클래스 수강 이전 : 전액 환불\n클래스 시작 후 : 환불 불가,50000,4,185000
292,[초보전용] 역삼역 3분 직장인 취미 일렉기타 클래스,electronic_guitar,매치 스튜디오,퇴근 후 쉽고 재밌게 일렉기타를 배워보세요,없음,personal,클래스 수강 이전 : 전액 환불\n클래스 시작 후 : 환불 불가,50000,4,185000
293,[초보전용] 역삼역 3분 직장인 취미 일렉기타 클래스,electronic_guitar,매치 스튜디오,퇴근 후 쉽고 재밌게 일렉기타를 배워보세요,없음,personal,클래스 수강 이전 : 전액 환불\n클래스 시작 후 : 환불 불가,50000,4,185000
294,[초보전용] 역삼역 3분 직장인 취미 일렉기타 클래스,electronic_guitar,매치 스튜디오,퇴근 후 쉽고 재밌게 일렉기타를 배워보세요,없음,personal,클래스 수강 이전 : 전액 환불\n클래스 시작 후 : 환불 불가,50000,4,185000
295,[초보전용] 역삼역 3분 직장인 취미 일렉기타 클래스,electronic_guitar,매치 스튜디오,퇴근 후 쉽고 재밌게 일렉기타를 배워보세요,없음,group,클래스 수강 이전 : 전액 환불\n클래스 시작 후 : 환불 불가,17000,8,125000
296,[초보전용] 역삼역 3분 직장인 취미 일렉기타 클래스,electronic_guitar,매치 스튜디오,퇴근 후 쉽고 재밌게 일렉기타를 배워보세요,없음,group,클래스 수강 이전 : 전액 환불\n클래스 시작 후 : 환불 불가,17000,8,125000
297,[초보전용] 역삼역 3분 직장인 취미 일렉기타 클래스,electronic_guitar,매치 스튜디오,퇴근 후 쉽고 재밌게 일렉기타를 배워보세요,없음,group,클래스 수강 이전 : 전액 환불\n클래스 시작 후 : 환불 불가,17000,8,125000
298,[초보전용] 역삼역 3분 직장인 취미 일렉기타 클래스,electronic_guitar,매치 스튜디오,퇴근 후 쉽고 재밌게 일렉기타를 배워보세요,없음,group,클래스 수강 이전 : 전액 환불\n클래스 시작 후 : 환불 불가,17000,8,125000
299,[초보전용] 역삼역 3분 직장인 취미 일렉기타 클래스,electronic_guitar,매치 스튜디오,퇴근 후 쉽고 재밌게 일렉기타를 배워보세요,없음,group,클래스 수강 이전 : 전액 환불\n클래스 시작 후 : 환불 불가,17000,8,125000
300,[초보전용] 역삼역 3분 직장인 취미 일렉기타 클래스,electronic_guitar,매치 스튜디오,퇴근 후 쉽고 재밌게 일렉기타를 배워보세요,없음,group,클래스 수강 이전 : 전액 환불\n클래스 시작 후 : 환불 불가,17000,8,125000
301,[초보전용] 역삼역 3분 직장인 취미 일렉기타 클래스,electronic_guitar,매치 스튜디오,퇴근 후 쉽고 재밌게 일렉기타를 배워보세요,없음,group,클래스 수강 이전 : 전액 환불\n클래스 시작 후 : 환불 불가,17000,8,125000
302,[초보전용] 역삼역 3분 직장인 취미 일렉기타 클래스,electronic_guitar,매치 스튜디오,퇴근 후 쉽고 재밌게 일렉기타를 배워보세요,없음,group,클래스 수강 이전 : 전액 환불\n클래스 시작 후 : 환불 불가,17000,8,125000
303,[초보전용] 역삼역 3분 직장인 취미 일렉기타 클래스,electronic_guitar,매치 스튜디오,퇴근 후 쉽고 재밌게 일렉기타를 배워보세요,없음,group,클래스 수강 이전 : 전액 환불\n클래스 시작 후 : 환불 불가,17000,8,125000
304,[초보전용] 역삼역 3분 직장인 취미 일렉기타 클래스,electronic_guitar,매치 스튜디오,퇴근 후 쉽고 재밌게 일렉기타를 배워보세요,없음,group,클래스 수강 이전 : 전액 환불\n클래스 시작 후 : 환불 불가,17000,8,125000
305,[초보전용] 역삼역 3분 직장인 취미 드럼 클래스,drum,매치 스튜디오,퇴근 후 쉽고 재밌게 드럼을 배워보세요,없음,personal,클래스 수강 이전 : 전액 환불\n클래스 시작 후 : 환불 불가,25000,8,185000
306,[초보전용] 역삼역 3분 직장인 취미 드럼 클래스,drum,매치 스튜디오,퇴근 후 쉽고 재밌게 드럼을 배워보세요,없음,personal,클래스 수강 이전 : 전액 환불\n클래스 시작 후 : 환불 불가,25000,8,185000
307,[초보전용] 역삼역 3분 직장인 취미 드럼 클래스,drum,매치 스튜디오,퇴근 후 쉽고 재밌게 드럼을 배워보세요,없음,personal,클래스 수강 이전 : 전액 환불\n클래스 시작 후 : 환불 불가,25000,8,185000
308,[초보전용] 역삼역 3분 직장인 취미 드럼 클래스,drum,매치 스튜디오,퇴근 후 쉽고 재밌게 드럼을 배워보세요,없음,personal,클래스 수강 이전 : 전액 환불\n클래스 시작 후 : 환불 불가,25000,8,185000
309,[초보전용] 역삼역 3분 직장인 취미 드럼 클래스,drum,매치 스튜디오,퇴근 후 쉽고 재밌게 드럼을 배워보세요,없음,personal,클래스 수강 이전 : 전액 환불\n클래스 시작 후 : 환불 불가,25000,8,185000
310,[초보전용] 역삼역 3분 직장인 취미 드럼 클래스,drum,매치 스튜디오,퇴근 후 쉽고 재밌게 드럼을 배워보세요,없음,personal,클래스 수강 이전 : 전액 환불\n클래스 시작 후 : 환불 불가,25000,8,185000
311,[초보전용] 역삼역 3분 직장인 취미 드럼 클래스,drum,매치 스튜디오,퇴근 후 쉽고 재밌게 드럼을 배워보세요,없음,personal,클래스 수강 이전 : 전액 환불\n클래스 시작 후 : 환불 불가,25000,8,185000
312,[초보전용] 역삼역 3분 직장인 취미 드럼 클래스,drum,매치 스튜디오,퇴근 후 쉽고 재밌게 드럼을 배워보세요,없음,personal,클래스 수강 이전 : 전액 환불\n클래스 시작 후 : 환불 불가,25000,8,185000
313,[초보전용] 역삼역 3분 직장인 취미 드럼 클래스,drum,매치 스튜디오,퇴근 후 쉽고 재밌게 드럼을 배워보세요,없음,personal,클래스 수강 이전 : 전액 환불\n클래스 시작 후 : 환불 불가,25000,8,185000
314,[초보전용] 역삼역 3분 직장인 취미 드럼 클래스,drum,매치 스튜디오,퇴근 후 쉽고 재밌게 드럼을 배워보세요,없음,personal,클래스 수강 이전 : 전액 환불\n클래스 시작 후 : 환불 불가,25000,8,185000
315,[초보전용] 역삼역 3분 직장인 취미 드럼 클래스,drum,매치 스튜디오,퇴근 후 쉽고 재밌게 드럼을 배워보세요,없음,personal,클래스 수강 이전 : 전액 환불\n클래스 시작 후 : 환불 불가,47000,4,185000
316,[초보전용] 역삼역 3분 직장인 취미 드럼 클래스,drum,매치 스튜디오,퇴근 후 쉽고 재밌게 드럼을 배워보세요,없음,personal,클래스 수강 이전 : 전액 환불\n클래스 시작 후 : 환불 불가,47000,4,185000
317,[초보전용] 역삼역 3분 직장인 취미 드럼 클래스,drum,매치 스튜디오,퇴근 후 쉽고 재밌게 드럼을 배워보세요,없음,personal,클래스 수강 이전 : 전액 환불\n클래스 시작 후 : 환불 불가,47000,4,185000
318,[초보전용] 역삼역 3분 직장인 취미 드럼 클래스,drum,매치 스튜디오,퇴근 후 쉽고 재밌게 드럼을 배워보세요,없음,personal,클래스 수강 이전 : 전액 환불\n클래스 시작 후 : 환불 불가,47000,4,185000
319,[초보전용] 역삼역 3분 직장인 취미 드럼 클래스,drum,매치 스튜디오,퇴근 후 쉽고 재밌게 드럼을 배워보세요,없음,personal,클래스 수강 이전 : 전액 환불\n클래스 시작 후 : 환불 불가,47000,4,185000
320,[초보전용] 역삼역 3분 직장인 취미 드럼 클래스,drum,매치 스튜디오,퇴근 후 쉽고 재밌게 드럼을 배워보세요,없음,personal,클래스 수강 이전 : 전액 환불\n클래스 시작 후 : 환불 불가,47000,4,185000
321,[초보전용] 역삼역 3분 직장인 취미 드럼 클래스,drum,매치 스튜디오,퇴근 후 쉽고 재밌게 드럼을 배워보세요,없음,personal,클래스 수강 이전 : 전액 환불\n클래스 시작 후 : 환불 불가,47000,4,185000
322,[초보전용] 역삼역 3분 직장인 취미 드럼 클래스,drum,매치 스튜디오,퇴근 후 쉽고 재밌게 드럼을 배워보세요,없음,personal,클래스 수강 이전 : 전액 환불\n클래스 시작 후 : 환불 불가,47000,4,185000
323,[초보전용] 역삼역 3분 직장인 취미 드럼 클래스,drum,매치 스튜디오,퇴근 후 쉽고 재밌게 드럼을 배워보세요,없음,personal,클래스 수강 이전 : 전액 환불\n클래스 시작 후 : 환불 불가,47000,4,185000
324,[초보전용] 역삼역 3분 직장인 취미 드럼 클래스,drum,매치 스튜디오,퇴근 후 쉽고 재밌게 드럼을 배워보세요,없음,personal,클래스 수강 이전 : 전액 환불\n클래스 시작 후 : 환불 불가,47000,4,185000
325,[초보전용] 역삼역 3분 직장인 취미 드럼 클래스,drum,매치 스튜디오,퇴근 후 쉽고 재밌게 드럼을 배워보세요,없음,personal,클래스 수강 이전 : 전액 환불\n클래스 시작 후 : 환불 불가,25000,8,185000
326,[초보전용] 역삼역 3분 직장인 취미 드럼 클래스,drum,매치 스튜디오,퇴근 후 쉽고 재밌게 드럼을 배워보세요,없음,personal,클래스 수강 이전 : 전액 환불\n클래스 시작 후 : 환불 불가,25000,8,185000
327,[초보전용] 역삼역 3분 직장인 취미 드럼 클래스,drum,매치 스튜디오,퇴근 후 쉽고 재밌게 드럼을 배워보세요,없음,personal,클래스 수강 이전 : 전액 환불\n클래스 시작 후 : 환불 불가,25000,8,185000
328,[초보전용] 역삼역 3분 직장인 취미 드럼 클래스,drum,매치 스튜디오,퇴근 후 쉽고 재밌게 드럼을 배워보세요,없음,personal,클래스 수강 이전 : 전액 환불\n클래스 시작 후 : 환불 불가,25000,8,185000
329,[초보전용] 역삼역 3분 직장인 취미 드럼 클래스,drum,매치 스튜디오,퇴근 후 쉽고 재밌게 드럼을 배워보세요,없음,personal,클래스 수강 이전 : 전액 환불\n클래스 시작 후 : 환불 불가,25000,8,185000
330,[초보전용] 역삼역 3분 직장인 취미 드럼 클래스,drum,매치 스튜디오,퇴근 후 쉽고 재밌게 드럼을 배워보세요,없음,personal,클래스 수강 이전 : 전액 환불\n클래스 시작 후 : 환불 불가,25000,8,185000
331,[초보전용] 역삼역 3분 직장인 취미 드럼 클래스,drum,매치 스튜디오,퇴근 후 쉽고 재밌게 드럼을 배워보세요,없음,personal,클래스 수강 이전 : 전액 환불\n클래스 시작 후 : 환불 불가,25000,8,185000
332,[초보전용] 역삼역 3분 직장인 취미 드럼 클래스,drum,매치 스튜디오,퇴근 후 쉽고 재밌게 드럼을 배워보세요,없음,personal,클래스 수강 이전 : 전액 환불\n클래스 시작 후 : 환불 불가,25000,8,185000
333,[초보전용] 역삼역 3분 직장인 취미 드럼 클래스,drum,매치 스튜디오,퇴근 후 쉽고 재밌게 드럼을 배워보세요,없음,personal,클래스 수강 이전 : 전액 환불\n클래스 시작 후 : 환불 불가,25000,8,185000
334,[초보전용] 역삼역 3분 직장인 취미 드럼 클래스,drum,매치 스튜디오,퇴근 후 쉽고 재밌게 드럼을 배워보세요,없음,personal,클래스 수강 이전 : 전액 환불\n클래스 시작 후 : 환불 불가,25000,8,185000
335,[초보전용] 역삼역 3분 직장인 취미 드럼 클래스,drum,매치 스튜디오,퇴근 후 쉽고 재밌게 드럼을 배워보세요,없음,personal,클래스 수강 이전 : 전액 환불\n클래스 시작 후 : 환불 불가,47000,4,185000
336,[초보전용] 역삼역 3분 직장인 취미 드럼 클래스,drum,매치 스튜디오,퇴근 후 쉽고 재밌게 드럼을 배워보세요,없음,personal,클래스 수강 이전 : 전액 환불\n클래스 시작 후 : 환불 불가,47000,4,185000
337,[초보전용] 역삼역 3분 직장인 취미 드럼 클래스,drum,매치 스튜디오,퇴근 후 쉽고 재밌게 드럼을 배워보세요,없음,personal,클래스 수강 이전 : 전액 환불\n클래스 시작 후 : 환불 불가,47000,4,185000
338,[초보전용] 역삼역 3분 직장인 취미 드럼 클래스,drum,매치 스튜디오,퇴근 후 쉽고 재밌게 드럼을 배워보세요,없음,personal,클래스 수강 이전 : 전액 환불\n클래스 시작 후 : 환불 불가,47000,4,185000
339,[초보전용] 역삼역 3분 직장인 취미 드럼 클래스,drum,매치 스튜디오,퇴근 후 쉽고 재밌게 드럼을 배워보세요,없음,personal,클래스 수강 이전 : 전액 환불\n클래스 시작 후 : 환불 불가,47000,4,185000
340,[초보전용] 역삼역 3분 직장인 취미 드럼 클래스,drum,매치 스튜디오,퇴근 후 쉽고 재밌게 드럼을 배워보세요,없음,personal,클래스 수강 이전 : 전액 환불\n클래스 시작 후 : 환불 불가,47000,4,185000
341,[초보전용] 역삼역 3분 직장인 취미 드럼 클래스,drum,매치 스튜디오,퇴근 후 쉽고 재밌게 드럼을 배워보세요,없음,personal,클래스 수강 이전 : 전액 환불\n클래스 시작 후 : 환불 불가,47000,4,185000
342,[초보전용] 역삼역 3분 직장인 취미 드럼 클래스,drum,매치 스튜디오,퇴근 후 쉽고 재밌게 드럼을 배워보세요,없음,personal,클래스 수강 이전 : 전액 환불\n클래스 시작 후 : 환불 불가,47000,4,185000
343,[초보전용] 역삼역 3분 직장인 취미 드럼 클래스,drum,매치 스튜디오,퇴근 후 쉽고 재밌게 드럼을 배워보세요,없음,personal,클래스 수강 이전 : 전액 환불\n클래스 시작 후 : 환불 불가,47000,4,185000
344,[초보전용] 역삼역 3분 직장인 취미 드럼 클래스,drum,매치 스튜디오,퇴근 후 쉽고 재밌게 드럼을 배워보세요,없음,personal,클래스 수강 이전 : 전액 환불\n클래스 시작 후 : 환불 불가,47000,4,185000
345,[초보전용] 역삼역 3분 직장인 취미 드럼 클래스,drum,매치 스튜디오,퇴근 후 쉽고 재밌게 드럼을 배워보세요,없음,personal,클래스 수강 이전 : 전액 환불\n클래스 시작 후 : 환불 불가,47000,4,185000
346,[초보전용] 역삼역 3분 직장인 취미 드럼 클래스,drum,매치 스튜디오,퇴근 후 쉽고 재밌게 드럼을 배워보세요,없음,group,클래스 수강 이전 : 전액 환불\n클래스 시작 후 : 환불 불가,20000,8,125000
347,[초보전용] 역삼역 3분 직장인 취미 드럼 클래스,drum,매치 스튜디오,퇴근 후 쉽고 재밌게 드럼을 배워보세요,없음,group,클래스 수강 이전 : 전액 환불\n클래스 시작 후 : 환불 불가,20000,8,125000
348,[초보전용] 역삼역 3분 직장인 취미 드럼 클래스,drum,매치 스튜디오,퇴근 후 쉽고 재밌게 드럼을 배워보세요,없음,group,클래스 수강 이전 : 전액 환불\n클래스 시작 후 : 환불 불가,20000,8,125000
349,[초보전용] 역삼역 3분 직장인 취미 드럼 클래스,drum,매치 스튜디오,퇴근 후 쉽고 재밌게 드럼을 배워보세요,없음,group,클래스 수강 이전 : 전액 환불\n클래스 시작 후 : 환불 불가,20000,8,125000
350,[초보전용] 역삼역 3분 직장인 취미 드럼 클래스,drum,매치 스튜디오,퇴근 후 쉽고 재밌게 드럼을 배워보세요,없음,group,클래스 수강 이전 : 전액 환불\n클래스 시작 후 : 환불 불가,20000,8,125000
351,[초보전용] 역삼역 3분 직장인 취미 드럼 클래스,drum,매치 스튜디오,퇴근 후 쉽고 재밌게 드럼을 배워보세요,없음,group,클래스 수강 이전 : 전액 환불\n클래스 시작 후 : 환불 불가,20000,8,125000
352,[초보전용] 역삼역 3분 직장인 취미 드럼 클래스,drum,매치 스튜디오,퇴근 후 쉽고 재밌게 드럼을 배워보세요,없음,group,클래스 수강 이전 : 전액 환불\n클래스 시작 후 : 환불 불가,20000,8,125000
353,[초보전용] 역삼역 3분 직장인 취미 드럼 클래스,drum,매치 스튜디오,퇴근 후 쉽고 재밌게 드럼을 배워보세요,없음,group,클래스 수강 이전 : 전액 환불\n클래스 시작 후 : 환불 불가,20000,8,125000
354,[초보전용] 역삼역 3분 직장인 취미 드럼 클래스,drum,매치 스튜디오,퇴근 후 쉽고 재밌게 드럼을 배워보세요,없음,group,클래스 수강 이전 : 전액 환불\n클래스 시작 후 : 환불 불가,20000,8,125000
355,[초보전용] 역삼역 3분 직장인 취미 드럼 클래스,drum,매치 스튜디오,퇴근 후 쉽고 재밌게 드럼을 배워보세요,없음,group,클래스 수강 이전 : 전액 환불\n클래스 시작 후 : 환불 불가,20000,8,125000
356,[초보반] 강남역 5분 직장인도 쉽게 배우는 드럼 클래스,drum,스마일라이프,"퇴근 길, 드럼치고 스트레스 풀고 가세요",없음,personal,클래스 수강 이전 : 전액 환불\n클래스 시작 후 : 환불 불가,45000,4,170000
357,[초보반] 강남역 5분 직장인도 쉽게 배우는 드럼 클래스,drum,스마일라이프,"퇴근 길, 드럼치고 스트레스 풀고 가세요",없음,personal,클래스 수강 이전 : 전액 환불\n클래스 시작 후 : 환불 불가,45000,4,170000
358,[초보반] 강남역 5분 직장인도 쉽게 배우는 드럼 클래스,drum,스마일라이프,"퇴근 길, 드럼치고 스트레스 풀고 가세요",없음,personal,클래스 수강 이전 : 전액 환불\n클래스 시작 후 : 환불 불가,45000,4,170000
359,[초보반] 강남역 5분 직장인도 쉽게 배우는 드럼 클래스,drum,스마일라이프,"퇴근 길, 드럼치고 스트레스 풀고 가세요",없음,personal,클래스 수강 이전 : 전액 환불\n클래스 시작 후 : 환불 불가,45000,4,170000
360,[초보반] 강남역 5분 직장인도 쉽게 배우는 드럼 클래스,drum,스마일라이프,"퇴근 길, 드럼치고 스트레스 풀고 가세요",없음,personal,클래스 수강 이전 : 전액 환불\n클래스 시작 후 : 환불 불가,45000,4,170000
361,[초보반] 강남역 5분 직장인도 쉽게 배우는 드럼 클래스,drum,스마일라이프,"퇴근 길, 드럼치고 스트레스 풀고 가세요",없음,personal,클래스 수강 이전 : 전액 환불\n클래스 시작 후 : 환불 불가,45000,4,170000
362,[초보반] 강남역 5분 직장인도 쉽게 배우는 드럼 클래스,drum,스마일라이프,"퇴근 길, 드럼치고 스트레스 풀고 가세요",없음,personal,클래스 수강 이전 : 전액 환불\n클래스 시작 후 : 환불 불가,45000,4,170000
363,[초보반] 강남역 5분 직장인도 쉽게 배우는 드럼 클래스,drum,스마일라이프,"퇴근 길, 드럼치고 스트레스 풀고 가세요",없음,personal,클래스 수강 이전 : 전액 환불\n클래스 시작 후 : 환불 불가,45000,4,170000
364,[초보반] 강남역 5분 직장인도 쉽게 배우는 드럼 클래스,drum,스마일라이프,"퇴근 길, 드럼치고 스트레스 풀고 가세요",없음,personal,클래스 수강 이전 : 전액 환불\n클래스 시작 후 : 환불 불가,45000,4,170000
365,[초보반] 강남역 5분 직장인도 쉽게 배우는 드럼 클래스,drum,스마일라이프,"퇴근 길, 드럼치고 스트레스 풀고 가세요",없음,personal,클래스 수강 이전 : 전액 환불\n클래스 시작 후 : 환불 불가,45000,4,170000
366,[초보반] 강남역 5분 직장인도 쉽게 배우는 드럼 클래스,drum,스마일라이프,"퇴근 길, 드럼치고 스트레스 풀고 가세요",없음,personal,클래스 수강 이전 : 전액 환불\n클래스 시작 후 : 환불 불가,45000,4,170000
367,[초보반] 강남역 5분 직장인도 쉽게 배우는 드럼 클래스,drum,스마일라이프,"퇴근 길, 드럼치고 스트레스 풀고 가세요",없음,personal,클래스 수강 이전 : 전액 환불\n클래스 시작 후 : 환불 불가,45000,4,170000
368,[초보반] 강남역 5분 직장인도 쉽게 배우는 드럼 클래스,drum,스마일라이프,"퇴근 길, 드럼치고 스트레스 풀고 가세요",없음,personal,클래스 수강 이전 : 전액 환불\n클래스 시작 후 : 환불 불가,45000,4,170000
369,[초보반] 강남역 5분 직장인도 쉽게 배우는 드럼 클래스,drum,스마일라이프,"퇴근 길, 드럼치고 스트레스 풀고 가세요",없음,personal,클래스 수강 이전 : 전액 환불\n클래스 시작 후 : 환불 불가,45000,4,170000
370,[초보반] 강남역 5분 직장인도 쉽게 배우는 드럼 클래스,drum,스마일라이프,"퇴근 길, 드럼치고 스트레스 풀고 가세요",없음,personal,클래스 수강 이전 : 전액 환불\n클래스 시작 후 : 환불 불가,45000,4,170000
371,[초보반] 강남역 5분 직장인도 쉽게 배우는 드럼 클래스,drum,스마일라이프,"퇴근 길, 드럼치고 스트레스 풀고 가세요",없음,personal,클래스 수강 이전 : 전액 환불\n클래스 시작 후 : 환불 불가,45000,4,170000
372,[초보반] 강남역 5분 직장인도 쉽게 배우는 드럼 클래스,drum,스마일라이프,"퇴근 길, 드럼치고 스트레스 풀고 가세요",없음,personal,클래스 수강 이전 : 전액 환불\n클래스 시작 후 : 환불 불가,45000,4,170000
373,[초보반] 강남역 5분 직장인도 쉽게 배우는 드럼 클래스,drum,스마일라이프,"퇴근 길, 드럼치고 스트레스 풀고 가세요",없음,personal,클래스 수강 이전 : 전액 환불\n클래스 시작 후 : 환불 불가,45000,4,170000
374,[초보반] 강남역 5분 직장인도 쉽게 배우는 드럼 클래스,drum,스마일라이프,"퇴근 길, 드럼치고 스트레스 풀고 가세요",없음,personal,클래스 수강 이전 : 전액 환불\n클래스 시작 후 : 환불 불가,45000,4,170000
375,[초보반] 강남역 5분 직장인도 쉽게 배우는 드럼 클래스,drum,스마일라이프,"퇴근 길, 드럼치고 스트레스 풀고 가세요",없음,personal,클래스 수강 이전 : 전액 환불\n클래스 시작 후 : 환불 불가,45000,4,170000
376,[초보반] 강남역 5분 직장인도 쉽게 배우는 드럼 클래스,drum,스마일라이프,"퇴근 길, 드럼치고 스트레스 풀고 가세요",없음,personal,클래스 수강 이전 : 전액 환불\n클래스 시작 후 : 환불 불가,45000,4,170000
377,[초보반] 강남역 5분 직장인도 쉽게 배우는 드럼 클래스,drum,스마일라이프,"퇴근 길, 드럼치고 스트레스 풀고 가세요",없음,personal,클래스 수강 이전 : 전액 환불\n클래스 시작 후 : 환불 불가,45000,4,170000
378,[초보반] 강남역 5분 직장인도 쉽게 배우는 드럼 클래스,drum,스마일라이프,"퇴근 길, 드럼치고 스트레스 풀고 가세요",없음,personal,클래스 수강 이전 : 전액 환불\n클래스 시작 후 : 환불 불가,45000,4,170000
379,[초보반] 강남역 5분 직장인도 쉽게 배우는 드럼 클래스,drum,스마일라이프,"퇴근 길, 드럼치고 스트레스 풀고 가세요",없음,personal,클래스 수강 이전 : 전액 환불\n클래스 시작 후 : 환불 불가,45000,4,170000
380,[초보반] 강남역 5분 직장인도 쉽게 배우는 드럼 클래스,drum,스마일라이프,"퇴근 길, 드럼치고 스트레스 풀고 가세요",없음,personal,클래스 수강 이전 : 전액 환불\n클래스 시작 후 : 환불 불가,45000,4,170000
381,[초보반] 강남역 5분 직장인도 쉽게 배우는 드럼 클래스,drum,스마일라이프,"퇴근 길, 드럼치고 스트레스 풀고 가세요",없음,personal,클래스 수강 이전 : 전액 환불\n클래스 시작 후 : 환불 불가,45000,4,170000
382,[초보반] 강남역 5분 직장인도 쉽게 배우는 드럼 클래스,drum,스마일라이프,"퇴근 길, 드럼치고 스트레스 풀고 가세요",없음,personal,클래스 수강 이전 : 전액 환불\n클래스 시작 후 : 환불 불가,45000,4,170000
383,[초보반] 강남역 5분 직장인도 쉽게 배우는 드럼 클래스,drum,스마일라이프,"퇴근 길, 드럼치고 스트레스 풀고 가세요",없음,personal,클래스 수강 이전 : 전액 환불\n클래스 시작 후 : 환불 불가,45000,4,170000
384,[초보반] 교대역 5분 초보도 금방 배우는 드럼 클래스,drum,서초 실용음악학원,드럼으로 하루를 마무리 하세요,없음,personal,클래스 수강 이전 : 전액 환불\n클래스 시작 후 : 환불 불가,55000,4,200000
385,[초보반] 교대역 5분 초보도 금방 배우는 드럼 클래스,drum,서초 실용음악학원,드럼으로 하루를 마무리 하세요,없음,personal,클래스 수강 이전 : 전액 환불\n클래스 시작 후 : 환불 불가,55000,4,200000
386,[초보반] 교대역 5분 초보도 금방 배우는 드럼 클래스,drum,서초 실용음악학원,드럼으로 하루를 마무리 하세요,없음,personal,클래스 수강 이전 : 전액 환불\n클래스 시작 후 : 환불 불가,55000,4,200000
387,[초보반] 교대역 5분 초보도 금방 배우는 드럼 클래스,drum,서초 실용음악학원,드럼으로 하루를 마무리 하세요,없음,personal,클래스 수강 이전 : 전액 환불\n클래스 시작 후 : 환불 불가,55000,4,200000
388,[초보반] 교대역 5분 초보도 금방 배우는 드럼 클래스,drum,서초 실용음악학원,드럼으로 하루를 마무리 하세요,없음,personal,클래스 수강 이전 : 전액 환불\n클래스 시작 후 : 환불 불가,55000,4,200000
389,[초보반] 교대역 5분 초보도 금방 배우는 드럼 클래스,drum,서초 실용음악학원,드럼으로 하루를 마무리 하세요,없음,personal,클래스 수강 이전 : 전액 환불\n클래스 시작 후 : 환불 불가,55000,4,200000
390,[초보반] 교대역 5분 초보도 금방 배우는 드럼 클래스,drum,서초 실용음악학원,드럼으로 하루를 마무리 하세요,없음,personal,클래스 수강 이전 : 전액 환불\n클래스 시작 후 : 환불 불가,55000,4,200000
391,[초보반] 교대역 5분 초보도 금방 배우는 드럼 클래스,drum,서초 실용음악학원,드럼으로 하루를 마무리 하세요,없음,personal,클래스 수강 이전 : 전액 환불\n클래스 시작 후 : 환불 불가,55000,4,200000
392,[초보반] 교대역 5분 초보도 금방 배우는 드럼 클래스,drum,서초 실용음악학원,드럼으로 하루를 마무리 하세요,없음,personal,클래스 수강 이전 : 전액 환불\n클래스 시작 후 : 환불 불가,55000,4,200000
393,[초보반] 교대역 5분 초보도 금방 배우는 드럼 클래스,drum,서초 실용음악학원,드럼으로 하루를 마무리 하세요,없음,personal,클래스 수강 이전 : 전액 환불\n클래스 시작 후 : 환불 불가,55000,4,200000
394,[초보반] 교대역 5분 초보도 금방 배우는 드럼 클래스,drum,서초 실용음악학원,드럼으로 하루를 마무리 하세요,없음,personal,클래스 수강 이전 : 전액 환불\n클래스 시작 후 : 환불 불가,55000,4,200000
395,[초보반] 교대역 5분 초보도 금방 배우는 드럼 클래스,drum,서초 실용음악학원,드럼으로 하루를 마무리 하세요,없음,personal,클래스 수강 이전 : 전액 환불\n클래스 시작 후 : 환불 불가,55000,4,200000
396,[초보반] 교대역 5분 초보도 금방 배우는 드럼 클래스,drum,서초 실용음악학원,드럼으로 하루를 마무리 하세요,없음,personal,클래스 수강 이전 : 전액 환불\n클래스 시작 후 : 환불 불가,55000,4,200000
397,[초보반] 교대역 5분 초보도 금방 배우는 드럼 클래스,drum,서초 실용음악학원,드럼으로 하루를 마무리 하세요,없음,personal,클래스 수강 이전 : 전액 환불\n클래스 시작 후 : 환불 불가,55000,4,200000
398,[초보반] 교대역 5분 초보도 금방 배우는 드럼 클래스,drum,서초 실용음악학원,드럼으로 하루를 마무리 하세요,없음,personal,클래스 수강 이전 : 전액 환불\n클래스 시작 후 : 환불 불가,55000,4,200000
399,[초보반] 교대역 5분 초보도 금방 배우는 드럼 클래스,drum,서초 실용음악학원,드럼으로 하루를 마무리 하세요,없음,personal,클래스 수강 이전 : 전액 환불\n클래스 시작 후 : 환불 불가,55000,4,200000
400,[초보반] 교대역 5분 초보도 금방 배우는 드럼 클래스,drum,서초 실용음악학원,드럼으로 하루를 마무리 하세요,없음,personal,클래스 수강 이전 : 전액 환불\n클래스 시작 후 : 환불 불가,55000,4,200000
401,[초보반] 교대역 5분 초보도 금방 배우는 드럼 클래스,drum,서초 실용음악학원,드럼으로 하루를 마무리 하세요,없음,personal,클래스 수강 이전 : 전액 환불\n클래스 시작 후 : 환불 불가,55000,4,200000
402,[초보반] 교대역 5분 초보도 금방 배우는 드럼 클래스,drum,서초 실용음악학원,드럼으로 하루를 마무리 하세요,없음,personal,클래스 수강 이전 : 전액 환불\n클래스 시작 후 : 환불 불가,55000,4,200000
403,[초보반] 교대역 5분 초보도 금방 배우는 드럼 클래스,drum,서초 실용음악학원,드럼으로 하루를 마무리 하세요,없음,personal,클래스 수강 이전 : 전액 환불\n클래스 시작 후 : 환불 불가,55000,4,200000
404,[초보반] 교대역 5분 초보도 금방 배우는 드럼 클래스,drum,서초 실용음악학원,드럼으로 하루를 마무리 하세요,없음,personal,클래스 수강 이전 : 전액 환불\n클래스 시작 후 : 환불 불가,55000,4,200000
405,[초보반] 교대역 5분 초보도 금방 배우는 드럼 클래스,drum,서초 실용음악학원,드럼으로 하루를 마무리 하세요,없음,personal,클래스 수강 이전 : 전액 환불\n클래스 시작 후 : 환불 불가,55000,4,200000
406,[초보반] 교대역 5분 초보도 금방 배우는 드럼 클래스,drum,서초 실용음악학원,드럼으로 하루를 마무리 하세요,없음,personal,클래스 수강 이전 : 전액 환불\n클래스 시작 후 : 환불 불가,55000,4,200000
407,[초보반] 교대역 5분 초보도 금방 배우는 드럼 클래스,drum,서초 실용음악학원,드럼으로 하루를 마무리 하세요,없음,personal,클래스 수강 이전 : 전액 환불\n클래스 시작 후 : 환불 불가,55000,4,200000
408,[초보반] 교대역 5분 초보도 금방 배우는 드럼 클래스,drum,서초 실용음악학원,드럼으로 하루를 마무리 하세요,없음,personal,클래스 수강 이전 : 전액 환불\n클래스 시작 후 : 환불 불가,55000,4,200000
409,[초보반] 교대역 5분 초보도 금방 배우는 드럼 클래스,drum,서초 실용음악학원,드럼으로 하루를 마무리 하세요,없음,personal,클래스 수강 이전 : 전액 환불\n클래스 시작 후 : 환불 불가,55000,4,200000
410,[초보반] 교대역 5분 초보도 금방 배우는 드럼 클래스,drum,서초 실용음악학원,드럼으로 하루를 마무리 하세요,없음,personal,클래스 수강 이전 : 전액 환불\n클래스 시작 후 : 환불 불가,55000,4,200000
411,[초보반] 교대역 5분 초보도 금방 배우는 드럼 클래스,drum,서초 실용음악학원,드럼으로 하루를 마무리 하세요,없음,personal,클래스 수강 이전 : 전액 환불\n클래스 시작 후 : 환불 불가,55000,4,200000
412,[초보반] 한티역 5분 직장인을 위한 재밌는 드럼 클래스,drum,단테보컬엔뮤직스튜디오,쉽고 재밌게 드럼을 가르쳐 드립니다,없음,personal,클래스 수강 이전 : 전액 환불\n클래스 시작 후 : 환불 불가,40000,4,150000
413,[초보반] 한티역 5분 직장인을 위한 재밌는 드럼 클래스,drum,단테보컬엔뮤직스튜디오,쉽고 재밌게 드럼을 가르쳐 드립니다,없음,personal,클래스 수강 이전 : 전액 환불\n클래스 시작 후 : 환불 불가,40000,4,150000
414,[초보반] 한티역 5분 직장인을 위한 재밌는 드럼 클래스,drum,단테보컬엔뮤직스튜디오,쉽고 재밌게 드럼을 가르쳐 드립니다,없음,personal,클래스 수강 이전 : 전액 환불\n클래스 시작 후 : 환불 불가,40000,4,150000
415,[초보반] 한티역 5분 직장인을 위한 재밌는 드럼 클래스,drum,단테보컬엔뮤직스튜디오,쉽고 재밌게 드럼을 가르쳐 드립니다,없음,personal,클래스 수강 이전 : 전액 환불\n클래스 시작 후 : 환불 불가,40000,4,150000
416,[초보반] 한티역 5분 직장인을 위한 재밌는 드럼 클래스,drum,단테보컬엔뮤직스튜디오,쉽고 재밌게 드럼을 가르쳐 드립니다,없음,personal,클래스 수강 이전 : 전액 환불\n클래스 시작 후 : 환불 불가,40000,4,150000
417,[초보반] 한티역 5분 직장인을 위한 재밌는 드럼 클래스,drum,단테보컬엔뮤직스튜디오,쉽고 재밌게 드럼을 가르쳐 드립니다,없음,personal,클래스 수강 이전 : 전액 환불\n클래스 시작 후 : 환불 불가,40000,4,150000
418,[초보반] 한티역 5분 직장인을 위한 재밌는 드럼 클래스,drum,단테보컬엔뮤직스튜디오,쉽고 재밌게 드럼을 가르쳐 드립니다,없음,personal,클래스 수강 이전 : 전액 환불\n클래스 시작 후 : 환불 불가,40000,4,150000
419,[초보반] 한티역 5분 직장인을 위한 재밌는 드럼 클래스,drum,단테보컬엔뮤직스튜디오,쉽고 재밌게 드럼을 가르쳐 드립니다,없음,personal,클래스 수강 이전 : 전액 환불\n클래스 시작 후 : 환불 불가,40000,4,150000
420,[초보반] 한티역 5분 직장인을 위한 재밌는 드럼 클래스,drum,단테보컬엔뮤직스튜디오,쉽고 재밌게 드럼을 가르쳐 드립니다,없음,personal,클래스 수강 이전 : 전액 환불\n클래스 시작 후 : 환불 불가,40000,4,150000
421,[초보반] 한티역 5분 직장인을 위한 재밌는 드럼 클래스,drum,단테보컬엔뮤직스튜디오,쉽고 재밌게 드럼을 가르쳐 드립니다,없음,personal,클래스 수강 이전 : 전액 환불\n클래스 시작 후 : 환불 불가,40000,4,150000
422,[초보반] 한티역 5분 직장인을 위한 재밌는 드럼 클래스,drum,단테보컬엔뮤직스튜디오,쉽고 재밌게 드럼을 가르쳐 드립니다,없음,personal,클래스 수강 이전 : 전액 환불\n클래스 시작 후 : 환불 불가,40000,4,150000
423,[초보반] 한티역 5분 직장인을 위한 재밌는 드럼 클래스,drum,단테보컬엔뮤직스튜디오,쉽고 재밌게 드럼을 가르쳐 드립니다,없음,personal,클래스 수강 이전 : 전액 환불\n클래스 시작 후 : 환불 불가,40000,4,150000
424,[초보반] 한티역 5분 직장인을 위한 재밌는 드럼 클래스,drum,단테보컬엔뮤직스튜디오,쉽고 재밌게 드럼을 가르쳐 드립니다,없음,personal,클래스 수강 이전 : 전액 환불\n클래스 시작 후 : 환불 불가,40000,4,150000
425,[초보반] 한티역 5분 직장인을 위한 재밌는 드럼 클래스,drum,단테보컬엔뮤직스튜디오,쉽고 재밌게 드럼을 가르쳐 드립니다,없음,personal,클래스 수강 이전 : 전액 환불\n클래스 시작 후 : 환불 불가,40000,4,150000
426,[초보반] 한티역 5분 직장인을 위한 재밌는 드럼 클래스,drum,단테보컬엔뮤직스튜디오,쉽고 재밌게 드럼을 가르쳐 드립니다,없음,personal,클래스 수강 이전 : 전액 환불\n클래스 시작 후 : 환불 불가,40000,4,150000
427,[초보반] 한티역 5분 직장인을 위한 재밌는 드럼 클래스,drum,단테보컬엔뮤직스튜디오,쉽고 재밌게 드럼을 가르쳐 드립니다,없음,personal,클래스 수강 이전 : 전액 환불\n클래스 시작 후 : 환불 불가,40000,4,150000
428,[초보반] 한티역 5분 직장인을 위한 재밌는 드럼 클래스,drum,단테보컬엔뮤직스튜디오,쉽고 재밌게 드럼을 가르쳐 드립니다,없음,personal,클래스 수강 이전 : 전액 환불\n클래스 시작 후 : 환불 불가,40000,4,150000
429,[초보반] 한티역 5분 직장인을 위한 재밌는 드럼 클래스,drum,단테보컬엔뮤직스튜디오,쉽고 재밌게 드럼을 가르쳐 드립니다,없음,personal,클래스 수강 이전 : 전액 환불\n클래스 시작 후 : 환불 불가,40000,4,150000
430,[초보반] 한티역 5분 직장인을 위한 재밌는 드럼 클래스,drum,단테보컬엔뮤직스튜디오,쉽고 재밌게 드럼을 가르쳐 드립니다,없음,personal,클래스 수강 이전 : 전액 환불\n클래스 시작 후 : 환불 불가,40000,4,150000
431,[초보반] 한티역 5분 직장인을 위한 재밌는 드럼 클래스,drum,단테보컬엔뮤직스튜디오,쉽고 재밌게 드럼을 가르쳐 드립니다,없음,personal,클래스 수강 이전 : 전액 환불\n클래스 시작 후 : 환불 불가,40000,4,150000
432,[초보반] 한티역 5분 직장인을 위한 재밌는 드럼 클래스,drum,단테보컬엔뮤직스튜디오,쉽고 재밌게 드럼을 가르쳐 드립니다,없음,personal,클래스 수강 이전 : 전액 환불\n클래스 시작 후 : 환불 불가,40000,4,150000
433,[초보반] 한티역 5분 직장인을 위한 재밌는 드럼 클래스,drum,단테보컬엔뮤직스튜디오,쉽고 재밌게 드럼을 가르쳐 드립니다,없음,personal,클래스 수강 이전 : 전액 환불\n클래스 시작 후 : 환불 불가,40000,4,150000
434,[초보반] 한티역 5분 직장인을 위한 재밌는 드럼 클래스,drum,단테보컬엔뮤직스튜디오,쉽고 재밌게 드럼을 가르쳐 드립니다,없음,personal,클래스 수강 이전 : 전액 환불\n클래스 시작 후 : 환불 불가,40000,4,150000
435,[초보반] 한티역 5분 직장인을 위한 재밌는 드럼 클래스,drum,단테보컬엔뮤직스튜디오,쉽고 재밌게 드럼을 가르쳐 드립니다,없음,personal,클래스 수강 이전 : 전액 환불\n클래스 시작 후 : 환불 불가,40000,4,150000
436,[초보반] 한티역 5분 직장인을 위한 재밌는 드럼 클래스,drum,단테보컬엔뮤직스튜디오,쉽고 재밌게 드럼을 가르쳐 드립니다,없음,personal,클래스 수강 이전 : 전액 환불\n클래스 시작 후 : 환불 불가,40000,4,150000
437,[초보반] 한티역 5분 직장인을 위한 재밌는 드럼 클래스,drum,단테보컬엔뮤직스튜디오,쉽고 재밌게 드럼을 가르쳐 드립니다,없음,personal,클래스 수강 이전 : 전액 환불\n클래스 시작 후 : 환불 불가,40000,4,150000
438,[초보반] 한티역 5분 직장인을 위한 재밌는 드럼 클래스,drum,단테보컬엔뮤직스튜디오,쉽고 재밌게 드럼을 가르쳐 드립니다,없음,personal,클래스 수강 이전 : 전액 환불\n클래스 시작 후 : 환불 불가,40000,4,150000
439,[초보반] 한티역 5분 직장인을 위한 재밌는 드럼 클래스,drum,단테보컬엔뮤직스튜디오,쉽고 재밌게 드럼을 가르쳐 드립니다,없음,personal,클래스 수강 이전 : 전액 환불\n클래스 시작 후 : 환불 불가,40000,4,150000
440,[초보반] 한티역 5분 직장인을 위한 재밌는 드럼 클래스,drum,단테보컬엔뮤직스튜디오,쉽고 재밌게 드럼을 가르쳐 드립니다,없음,personal,클래스 수강 이전 : 전액 환불\n클래스 시작 후 : 환불 불가,40000,4,150000
441,[초보반] 한티역 5분 직장인을 위한 재밌는 드럼 클래스,drum,단테보컬엔뮤직스튜디오,쉽고 재밌게 드럼을 가르쳐 드립니다,없음,personal,클래스 수강 이전 : 전액 환불\n클래스 시작 후 : 환불 불가,40000,4,150000
442,[초보반] 한티역 5분 직장인을 위한 재밌는 드럼 클래스,drum,단테보컬엔뮤직스튜디오,쉽고 재밌게 드럼을 가르쳐 드립니다,없음,personal,클래스 수강 이전 : 전액 환불\n클래스 시작 후 : 환불 불가,40000,4,150000
443,[초보반] 한티역 5분 직장인을 위한 재밌는 드럼 클래스,drum,단테보컬엔뮤직스튜디오,쉽고 재밌게 드럼을 가르쳐 드립니다,없음,personal,클래스 수강 이전 : 전액 환불\n클래스 시작 후 : 환불 불가,40000,4,150000
444,[초보반] 한티역 5분 직장인을 위한 재밌는 드럼 클래스,drum,단테보컬엔뮤직스튜디오,쉽고 재밌게 드럼을 가르쳐 드립니다,없음,personal,클래스 수강 이전 : 전액 환불\n클래스 시작 후 : 환불 불가,40000,4,150000
445,[초보반] 한티역 5분 직장인을 위한 재밌는 드럼 클래스,drum,단테보컬엔뮤직스튜디오,쉽고 재밌게 드럼을 가르쳐 드립니다,없음,personal,클래스 수강 이전 : 전액 환불\n클래스 시작 후 : 환불 불가,40000,4,150000
446,[초보반] 한티역 5분 직장인을 위한 재밌는 드럼 클래스,drum,단테보컬엔뮤직스튜디오,쉽고 재밌게 드럼을 가르쳐 드립니다,없음,personal,클래스 수강 이전 : 전액 환불\n클래스 시작 후 : 환불 불가,40000,4,150000
447,[초보반] 한티역 5분 직장인을 위한 재밌는 드럼 클래스,drum,단테보컬엔뮤직스튜디오,쉽고 재밌게 드럼을 가르쳐 드립니다,없음,personal,클래스 수강 이전 : 전액 환불\n클래스 시작 후 : 환불 불가,40000,4,150000
448,[초보반] 한티역 5분 직장인을 위한 재밌는 드럼 클래스,drum,단테보컬엔뮤직스튜디오,쉽고 재밌게 드럼을 가르쳐 드립니다,없음,personal,클래스 수강 이전 : 전액 환불\n클래스 시작 후 : 환불 불가,40000,4,150000
449,[초보반] 한티역 5분 직장인을 위한 재밌는 드럼 클래스,drum,단테보컬엔뮤직스튜디오,쉽고 재밌게 드럼을 가르쳐 드립니다,없음,personal,클래스 수강 이전 : 전액 환불\n클래스 시작 후 : 환불 불가,40000,4,150000
450,[초보반] 한티역 5분 직장인을 위한 재밌는 드럼 클래스,drum,단테보컬엔뮤직스튜디오,쉽고 재밌게 드럼을 가르쳐 드립니다,없음,personal,클래스 수강 이전 : 전액 환불\n클래스 시작 후 : 환불 불가,40000,4,150000
451,[초보반] 한티역 5분 직장인을 위한 재밌는 드럼 클래스,drum,단테보컬엔뮤직스튜디오,쉽고 재밌게 드럼을 가르쳐 드립니다,없음,personal,클래스 수강 이전 : 전액 환불\n클래스 시작 후 : 환불 불가,40000,4,150000
452,[초보반] 한티역 5분 직장인을 위한 재밌는 드럼 클래스,drum,단테보컬엔뮤직스튜디오,쉽고 재밌게 드럼을 가르쳐 드립니다,없음,personal,클래스 수강 이전 : 전액 환불\n클래스 시작 후 : 환불 불가,40000,4,150000
453,[초보반] 한티역 5분 직장인을 위한 재밌는 드럼 클래스,drum,단테보컬엔뮤직스튜디오,쉽고 재밌게 드럼을 가르쳐 드립니다,없음,personal,클래스 수강 이전 : 전액 환불\n클래스 시작 후 : 환불 불가,40000,4,150000
454,[초보반] 한티역 5분 직장인을 위한 재밌는 드럼 클래스,drum,단테보컬엔뮤직스튜디오,쉽고 재밌게 드럼을 가르쳐 드립니다,없음,personal,클래스 수강 이전 : 전액 환불\n클래스 시작 후 : 환불 불가,40000,4,150000
455,[초보반] 한티역 5분 직장인을 위한 재밌는 드럼 클래스,drum,단테보컬엔뮤직스튜디오,쉽고 재밌게 드럼을 가르쳐 드립니다,없음,personal,클래스 수강 이전 : 전액 환불\n클래스 시작 후 : 환불 불가,40000,4,150000
456,[초보반] 한티역 5분 직장인을 위한 재밌는 드럼 클래스,drum,단테보컬엔뮤직스튜디오,쉽고 재밌게 드럼을 가르쳐 드립니다,없음,personal,클래스 수강 이전 : 전액 환불\n클래스 시작 후 : 환불 불가,40000,4,150000
457,[초보반] 매봉역 5분 직장인 취미 전용 봉고 클래스,drum,애플 기타 교습소,직장에서 받은 스트레스를 봉고로 풀어보세요,없음,personal,클래스 수강 이전 : 전액 환불\n클래스 시작 후 : 환불 불가,15000,8,100000
458,[초보반] 매봉역 5분 직장인 취미 전용 봉고 클래스,drum,애플 기타 교습소,직장에서 받은 스트레스를 봉고로 풀어보세요,없음,personal,클래스 수강 이전 : 전액 환불\n클래스 시작 후 : 환불 불가,15000,8,100000
459,[초보반] 매봉역 5분 직장인 취미 전용 봉고 클래스,drum,애플 기타 교습소,직장에서 받은 스트레스를 봉고로 풀어보세요,없음,personal,클래스 수강 이전 : 전액 환불\n클래스 시작 후 : 환불 불가,15000,8,100000
460,[초보반] 매봉역 5분 직장인 취미 전용 봉고 클래스,drum,애플 기타 교습소,직장에서 받은 스트레스를 봉고로 풀어보세요,없음,personal,클래스 수강 이전 : 전액 환불\n클래스 시작 후 : 환불 불가,15000,8,100000
461,[초보반] 매봉역 5분 직장인 취미 전용 봉고 클래스,drum,애플 기타 교습소,직장에서 받은 스트레스를 봉고로 풀어보세요,없음,personal,클래스 수강 이전 : 전액 환불\n클래스 시작 후 : 환불 불가,15000,8,100000
462,[초보반] 매봉역 5분 직장인 취미 전용 봉고 클래스,drum,애플 기타 교습소,직장에서 받은 스트레스를 봉고로 풀어보세요,없음,personal,클래스 수강 이전 : 전액 환불\n클래스 시작 후 : 환불 불가,15000,8,100000
463,[초보반] 매봉역 5분 직장인 취미 전용 봉고 클래스,drum,애플 기타 교습소,직장에서 받은 스트레스를 봉고로 풀어보세요,없음,personal,클래스 수강 이전 : 전액 환불\n클래스 시작 후 : 환불 불가,15000,8,100000
464,[초보반] 매봉역 5분 직장인 취미 전용 봉고 클래스,drum,애플 기타 교습소,직장에서 받은 스트레스를 봉고로 풀어보세요,없음,personal,클래스 수강 이전 : 전액 환불\n클래스 시작 후 : 환불 불가,15000,8,100000
465,[초보반] 매봉역 5분 직장인 취미 전용 봉고 클래스,drum,애플 기타 교습소,직장에서 받은 스트레스를 봉고로 풀어보세요,없음,personal,클래스 수강 이전 : 전액 환불\n클래스 시작 후 : 환불 불가,15000,8,100000
466,[초보반] 매봉역 5분 직장인 취미 전용 봉고 클래스,drum,애플 기타 교습소,직장에서 받은 스트레스를 봉고로 풀어보세요,없음,personal,클래스 수강 이전 : 전액 환불\n클래스 시작 후 : 환불 불가,15000,8,100000
467,[초보반] 매봉역 5분 직장인 취미 전용 봉고 클래스,drum,애플 기타 교습소,직장에서 받은 스트레스를 봉고로 풀어보세요,없음,personal,클래스 수강 이전 : 전액 환불\n클래스 시작 후 : 환불 불가,15000,8,100000
468,[초보반] 매봉역 5분 직장인 취미 전용 봉고 클래스,drum,애플 기타 교습소,직장에서 받은 스트레스를 봉고로 풀어보세요,없음,personal,클래스 수강 이전 : 전액 환불\n클래스 시작 후 : 환불 불가,15000,8,100000
469,[초보전용] 역삼역 3분 직장인 취미 클래식 피아노 클래스,classic_piano,매치 스튜디오,퇴근 후 쉽고 재밌게 클래식 피아노를 배워보세요,없음,personal,클래스 수강 이전 : 전액 환불\n클래스 시작 후 : 환불 불가,25000,8,185000
470,[초보전용] 역삼역 3분 직장인 취미 클래식 피아노 클래스,classic_piano,매치 스튜디오,퇴근 후 쉽고 재밌게 클래식 피아노를 배워보세요,없음,personal,클래스 수강 이전 : 전액 환불\n클래스 시작 후 : 환불 불가,25000,8,185000
471,[초보전용] 역삼역 3분 직장인 취미 클래식 피아노 클래스,classic_piano,매치 스튜디오,퇴근 후 쉽고 재밌게 클래식 피아노를 배워보세요,없음,personal,클래스 수강 이전 : 전액 환불\n클래스 시작 후 : 환불 불가,25000,8,185000
472,[초보전용] 역삼역 3분 직장인 취미 클래식 피아노 클래스,classic_piano,매치 스튜디오,퇴근 후 쉽고 재밌게 클래식 피아노를 배워보세요,없음,personal,클래스 수강 이전 : 전액 환불\n클래스 시작 후 : 환불 불가,25000,8,185000
473,[초보전용] 역삼역 3분 직장인 취미 클래식 피아노 클래스,classic_piano,매치 스튜디오,퇴근 후 쉽고 재밌게 클래식 피아노를 배워보세요,없음,personal,클래스 수강 이전 : 전액 환불\n클래스 시작 후 : 환불 불가,25000,8,185000
474,[초보전용] 역삼역 3분 직장인 취미 클래식 피아노 클래스,classic_piano,매치 스튜디오,퇴근 후 쉽고 재밌게 클래식 피아노를 배워보세요,없음,personal,클래스 수강 이전 : 전액 환불\n클래스 시작 후 : 환불 불가,25000,8,185000
475,[초보전용] 역삼역 3분 직장인 취미 클래식 피아노 클래스,classic_piano,매치 스튜디오,퇴근 후 쉽고 재밌게 클래식 피아노를 배워보세요,없음,personal,클래스 수강 이전 : 전액 환불\n클래스 시작 후 : 환불 불가,25000,8,185000
476,[초보전용] 역삼역 3분 직장인 취미 클래식 피아노 클래스,classic_piano,매치 스튜디오,퇴근 후 쉽고 재밌게 클래식 피아노를 배워보세요,없음,personal,클래스 수강 이전 : 전액 환불\n클래스 시작 후 : 환불 불가,25000,8,185000
477,[초보전용] 역삼역 3분 직장인 취미 클래식 피아노 클래스,classic_piano,매치 스튜디오,퇴근 후 쉽고 재밌게 클래식 피아노를 배워보세요,없음,personal,클래스 수강 이전 : 전액 환불\n클래스 시작 후 : 환불 불가,25000,8,185000
478,[초보전용] 역삼역 3분 직장인 취미 클래식 피아노 클래스,classic_piano,매치 스튜디오,퇴근 후 쉽고 재밌게 클래식 피아노를 배워보세요,없음,personal,클래스 수강 이전 : 전액 환불\n클래스 시작 후 : 환불 불가,25000,8,185000
479,[초보전용] 역삼역 3분 직장인 취미 클래식 피아노 클래스,classic_piano,매치 스튜디오,퇴근 후 쉽고 재밌게 클래식 피아노를 배워보세요,없음,personal,클래스 수강 이전 : 전액 환불\n클래스 시작 후 : 환불 불가,47000,4,185000
480,[초보전용] 역삼역 3분 직장인 취미 클래식 피아노 클래스,classic_piano,매치 스튜디오,퇴근 후 쉽고 재밌게 클래식 피아노를 배워보세요,없음,personal,클래스 수강 이전 : 전액 환불\n클래스 시작 후 : 환불 불가,47000,4,185000
481,[초보전용] 역삼역 3분 직장인 취미 클래식 피아노 클래스,classic_piano,매치 스튜디오,퇴근 후 쉽고 재밌게 클래식 피아노를 배워보세요,없음,personal,클래스 수강 이전 : 전액 환불\n클래스 시작 후 : 환불 불가,47000,4,185000
482,[초보전용] 역삼역 3분 직장인 취미 클래식 피아노 클래스,classic_piano,매치 스튜디오,퇴근 후 쉽고 재밌게 클래식 피아노를 배워보세요,없음,personal,클래스 수강 이전 : 전액 환불\n클래스 시작 후 : 환불 불가,47000,4,185000
483,[초보전용] 역삼역 3분 직장인 취미 클래식 피아노 클래스,classic_piano,매치 스튜디오,퇴근 후 쉽고 재밌게 클래식 피아노를 배워보세요,없음,personal,클래스 수강 이전 : 전액 환불\n클래스 시작 후 : 환불 불가,47000,4,185000
484,[초보전용] 역삼역 3분 직장인 취미 클래식 피아노 클래스,classic_piano,매치 스튜디오,퇴근 후 쉽고 재밌게 클래식 피아노를 배워보세요,없음,personal,클래스 수강 이전 : 전액 환불\n클래스 시작 후 : 환불 불가,47000,4,185000
485,[초보전용] 역삼역 3분 직장인 취미 클래식 피아노 클래스,classic_piano,매치 스튜디오,퇴근 후 쉽고 재밌게 클래식 피아노를 배워보세요,없음,personal,클래스 수강 이전 : 전액 환불\n클래스 시작 후 : 환불 불가,47000,4,185000
486,[초보전용] 역삼역 3분 직장인 취미 클래식 피아노 클래스,classic_piano,매치 스튜디오,퇴근 후 쉽고 재밌게 클래식 피아노를 배워보세요,없음,personal,클래스 수강 이전 : 전액 환불\n클래스 시작 후 : 환불 불가,47000,4,185000
487,[초보전용] 역삼역 3분 직장인 취미 클래식 피아노 클래스,classic_piano,매치 스튜디오,퇴근 후 쉽고 재밌게 클래식 피아노를 배워보세요,없음,personal,클래스 수강 이전 : 전액 환불\n클래스 시작 후 : 환불 불가,47000,4,185000
488,[초보전용] 역삼역 3분 직장인 취미 클래식 피아노 클래스,classic_piano,매치 스튜디오,퇴근 후 쉽고 재밌게 클래식 피아노를 배워보세요,없음,personal,클래스 수강 이전 : 전액 환불\n클래스 시작 후 : 환불 불가,47000,4,185000
489,[초보전용] 역삼역 3분 직장인 취미 클래식 피아노 클래스,classic_piano,매치 스튜디오,퇴근 후 쉽고 재밌게 클래식 피아노를 배워보세요,없음,personal,클래스 수강 이전 : 전액 환불\n클래스 시작 후 : 환불 불가,25000,8,185000
490,[초보전용] 역삼역 3분 직장인 취미 클래식 피아노 클래스,classic_piano,매치 스튜디오,퇴근 후 쉽고 재밌게 클래식 피아노를 배워보세요,없음,personal,클래스 수강 이전 : 전액 환불\n클래스 시작 후 : 환불 불가,25000,8,185000
491,[초보전용] 역삼역 3분 직장인 취미 클래식 피아노 클래스,classic_piano,매치 스튜디오,퇴근 후 쉽고 재밌게 클래식 피아노를 배워보세요,없음,personal,클래스 수강 이전 : 전액 환불\n클래스 시작 후 : 환불 불가,25000,8,185000
492,[초보전용] 역삼역 3분 직장인 취미 클래식 피아노 클래스,classic_piano,매치 스튜디오,퇴근 후 쉽고 재밌게 클래식 피아노를 배워보세요,없음,personal,클래스 수강 이전 : 전액 환불\n클래스 시작 후 : 환불 불가,25000,8,185000
493,[초보전용] 역삼역 3분 직장인 취미 클래식 피아노 클래스,classic_piano,매치 스튜디오,퇴근 후 쉽고 재밌게 클래식 피아노를 배워보세요,없음,personal,클래스 수강 이전 : 전액 환불\n클래스 시작 후 : 환불 불가,25000,8,185000
494,[초보전용] 역삼역 3분 직장인 취미 클래식 피아노 클래스,classic_piano,매치 스튜디오,퇴근 후 쉽고 재밌게 클래식 피아노를 배워보세요,없음,personal,클래스 수강 이전 : 전액 환불\n클래스 시작 후 : 환불 불가,25000,8,185000
495,[초보전용] 역삼역 3분 직장인 취미 클래식 피아노 클래스,classic_piano,매치 스튜디오,퇴근 후 쉽고 재밌게 클래식 피아노를 배워보세요,없음,personal,클래스 수강 이전 : 전액 환불\n클래스 시작 후 : 환불 불가,25000,8,185000
496,[초보전용] 역삼역 3분 직장인 취미 클래식 피아노 클래스,classic_piano,매치 스튜디오,퇴근 후 쉽고 재밌게 클래식 피아노를 배워보세요,없음,personal,클래스 수강 이전 : 전액 환불\n클래스 시작 후 : 환불 불가,25000,8,185000
497,[초보전용] 역삼역 3분 직장인 취미 클래식 피아노 클래스,classic_piano,매치 스튜디오,퇴근 후 쉽고 재밌게 클래식 피아노를 배워보세요,없음,personal,클래스 수강 이전 : 전액 환불\n클래스 시작 후 : 환불 불가,25000,8,185000
498,[초보전용] 역삼역 3분 직장인 취미 클래식 피아노 클래스,classic_piano,매치 스튜디오,퇴근 후 쉽고 재밌게 클래식 피아노를 배워보세요,없음,personal,클래스 수강 이전 : 전액 환불\n클래스 시작 후 : 환불 불가,25000,8,185000
499,[초보전용] 역삼역 3분 직장인 취미 클래식 피아노 클래스,classic_piano,매치 스튜디오,퇴근 후 쉽고 재밌게 클래식 피아노를 배워보세요,없음,personal,클래스 수강 이전 : 전액 환불\n클래스 시작 후 : 환불 불가,47000,4,185000
500,[초보전용] 역삼역 3분 직장인 취미 클래식 피아노 클래스,classic_piano,매치 스튜디오,퇴근 후 쉽고 재밌게 클래식 피아노를 배워보세요,없음,personal,클래스 수강 이전 : 전액 환불\n클래스 시작 후 : 환불 불가,47000,4,185000
501,[초보전용] 역삼역 3분 직장인 취미 클래식 피아노 클래스,classic_piano,매치 스튜디오,퇴근 후 쉽고 재밌게 클래식 피아노를 배워보세요,없음,personal,클래스 수강 이전 : 전액 환불\n클래스 시작 후 : 환불 불가,47000,4,185000
502,[초보전용] 역삼역 3분 직장인 취미 클래식 피아노 클래스,classic_piano,매치 스튜디오,퇴근 후 쉽고 재밌게 클래식 피아노를 배워보세요,없음,personal,클래스 수강 이전 : 전액 환불\n클래스 시작 후 : 환불 불가,47000,4,185000
503,[초보전용] 역삼역 3분 직장인 취미 클래식 피아노 클래스,classic_piano,매치 스튜디오,퇴근 후 쉽고 재밌게 클래식 피아노를 배워보세요,없음,personal,클래스 수강 이전 : 전액 환불\n클래스 시작 후 : 환불 불가,47000,4,185000
504,[초보전용] 역삼역 3분 직장인 취미 클래식 피아노 클래스,classic_piano,매치 스튜디오,퇴근 후 쉽고 재밌게 클래식 피아노를 배워보세요,없음,personal,클래스 수강 이전 : 전액 환불\n클래스 시작 후 : 환불 불가,47000,4,185000
505,[초보전용] 역삼역 3분 직장인 취미 클래식 피아노 클래스,classic_piano,매치 스튜디오,퇴근 후 쉽고 재밌게 클래식 피아노를 배워보세요,없음,personal,클래스 수강 이전 : 전액 환불\n클래스 시작 후 : 환불 불가,47000,4,185000
506,[초보전용] 역삼역 3분 직장인 취미 클래식 피아노 클래스,classic_piano,매치 스튜디오,퇴근 후 쉽고 재밌게 클래식 피아노를 배워보세요,없음,personal,클래스 수강 이전 : 전액 환불\n클래스 시작 후 : 환불 불가,47000,4,185000
507,[초보전용] 역삼역 3분 직장인 취미 클래식 피아노 클래스,classic_piano,매치 스튜디오,퇴근 후 쉽고 재밌게 클래식 피아노를 배워보세요,없음,personal,클래스 수강 이전 : 전액 환불\n클래스 시작 후 : 환불 불가,47000,4,185000
508,[초보전용] 역삼역 3분 직장인 취미 클래식 피아노 클래스,classic_piano,매치 스튜디오,퇴근 후 쉽고 재밌게 클래식 피아노를 배워보세요,없음,personal,클래스 수강 이전 : 전액 환불\n클래스 시작 후 : 환불 불가,47000,4,185000
509,[초보전용] 역삼역 3분 직장인 취미 클래식 피아노 클래스,classic_piano,매치 스튜디오,퇴근 후 쉽고 재밌게 클래식 피아노를 배워보세요,없음,personal,클래스 수강 이전 : 전액 환불\n클래스 시작 후 : 환불 불가,47000,4,185000
510,[초보전용] 역삼역 3분 직장인 취미 재즈 피아노 클래스,jazz_piano,매치 스튜디오,퇴근 후 쉽고 재밌게 재즈 피아노를 배워보세요,없음,personal,클래스 수강 이전 : 전액 환불\n클래스 시작 후 : 환불 불가,25000,8,185000
511,[초보전용] 역삼역 3분 직장인 취미 재즈 피아노 클래스,jazz_piano,매치 스튜디오,퇴근 후 쉽고 재밌게 재즈 피아노를 배워보세요,없음,personal,클래스 수강 이전 : 전액 환불\n클래스 시작 후 : 환불 불가,25000,8,185000
512,[초보전용] 역삼역 3분 직장인 취미 재즈 피아노 클래스,jazz_piano,매치 스튜디오,퇴근 후 쉽고 재밌게 재즈 피아노를 배워보세요,없음,personal,클래스 수강 이전 : 전액 환불\n클래스 시작 후 : 환불 불가,25000,8,185000
513,[초보전용] 역삼역 3분 직장인 취미 재즈 피아노 클래스,jazz_piano,매치 스튜디오,퇴근 후 쉽고 재밌게 재즈 피아노를 배워보세요,없음,personal,클래스 수강 이전 : 전액 환불\n클래스 시작 후 : 환불 불가,25000,8,185000
514,[초보전용] 역삼역 3분 직장인 취미 재즈 피아노 클래스,jazz_piano,매치 스튜디오,퇴근 후 쉽고 재밌게 재즈 피아노를 배워보세요,없음,personal,클래스 수강 이전 : 전액 환불\n클래스 시작 후 : 환불 불가,25000,8,185000
515,[초보전용] 역삼역 3분 직장인 취미 재즈 피아노 클래스,jazz_piano,매치 스튜디오,퇴근 후 쉽고 재밌게 재즈 피아노를 배워보세요,없음,personal,클래스 수강 이전 : 전액 환불\n클래스 시작 후 : 환불 불가,25000,8,185000
516,[초보전용] 역삼역 3분 직장인 취미 재즈 피아노 클래스,jazz_piano,매치 스튜디오,퇴근 후 쉽고 재밌게 재즈 피아노를 배워보세요,없음,personal,클래스 수강 이전 : 전액 환불\n클래스 시작 후 : 환불 불가,25000,8,185000
517,[초보전용] 역삼역 3분 직장인 취미 재즈 피아노 클래스,jazz_piano,매치 스튜디오,퇴근 후 쉽고 재밌게 재즈 피아노를 배워보세요,없음,personal,클래스 수강 이전 : 전액 환불\n클래스 시작 후 : 환불 불가,25000,8,185000
518,[초보전용] 역삼역 3분 직장인 취미 재즈 피아노 클래스,jazz_piano,매치 스튜디오,퇴근 후 쉽고 재밌게 재즈 피아노를 배워보세요,없음,personal,클래스 수강 이전 : 전액 환불\n클래스 시작 후 : 환불 불가,25000,8,185000
519,[초보전용] 역삼역 3분 직장인 취미 재즈 피아노 클래스,jazz_piano,매치 스튜디오,퇴근 후 쉽고 재밌게 재즈 피아노를 배워보세요,없음,personal,클래스 수강 이전 : 전액 환불\n클래스 시작 후 : 환불 불가,25000,8,185000
520,[초보전용] 역삼역 3분 직장인 취미 재즈 피아노 클래스,jazz_piano,매치 스튜디오,퇴근 후 쉽고 재밌게 재즈 피아노를 배워보세요,없음,personal,클래스 수강 이전 : 전액 환불\n클래스 시작 후 : 환불 불가,47000,4,185000
521,[초보전용] 역삼역 3분 직장인 취미 재즈 피아노 클래스,jazz_piano,매치 스튜디오,퇴근 후 쉽고 재밌게 재즈 피아노를 배워보세요,없음,personal,클래스 수강 이전 : 전액 환불\n클래스 시작 후 : 환불 불가,47000,4,185000
522,[초보전용] 역삼역 3분 직장인 취미 재즈 피아노 클래스,jazz_piano,매치 스튜디오,퇴근 후 쉽고 재밌게 재즈 피아노를 배워보세요,없음,personal,클래스 수강 이전 : 전액 환불\n클래스 시작 후 : 환불 불가,47000,4,185000
523,[초보전용] 역삼역 3분 직장인 취미 재즈 피아노 클래스,jazz_piano,매치 스튜디오,퇴근 후 쉽고 재밌게 재즈 피아노를 배워보세요,없음,personal,클래스 수강 이전 : 전액 환불\n클래스 시작 후 : 환불 불가,47000,4,185000
524,[초보전용] 역삼역 3분 직장인 취미 재즈 피아노 클래스,jazz_piano,매치 스튜디오,퇴근 후 쉽고 재밌게 재즈 피아노를 배워보세요,없음,personal,클래스 수강 이전 : 전액 환불\n클래스 시작 후 : 환불 불가,47000,4,185000
525,[초보전용] 역삼역 3분 직장인 취미 재즈 피아노 클래스,jazz_piano,매치 스튜디오,퇴근 후 쉽고 재밌게 재즈 피아노를 배워보세요,없음,personal,클래스 수강 이전 : 전액 환불\n클래스 시작 후 : 환불 불가,47000,4,185000
526,[초보전용] 역삼역 3분 직장인 취미 재즈 피아노 클래스,jazz_piano,매치 스튜디오,퇴근 후 쉽고 재밌게 재즈 피아노를 배워보세요,없음,personal,클래스 수강 이전 : 전액 환불\n클래스 시작 후 : 환불 불가,47000,4,185000
527,[초보전용] 역삼역 3분 직장인 취미 재즈 피아노 클래스,jazz_piano,매치 스튜디오,퇴근 후 쉽고 재밌게 재즈 피아노를 배워보세요,없음,personal,클래스 수강 이전 : 전액 환불\n클래스 시작 후 : 환불 불가,47000,4,185000
528,[초보전용] 역삼역 3분 직장인 취미 재즈 피아노 클래스,jazz_piano,매치 스튜디오,퇴근 후 쉽고 재밌게 재즈 피아노를 배워보세요,없음,personal,클래스 수강 이전 : 전액 환불\n클래스 시작 후 : 환불 불가,47000,4,185000
529,[초보전용] 역삼역 3분 직장인 취미 재즈 피아노 클래스,jazz_piano,매치 스튜디오,퇴근 후 쉽고 재밌게 재즈 피아노를 배워보세요,없음,personal,클래스 수강 이전 : 전액 환불\n클래스 시작 후 : 환불 불가,47000,4,185000
530,[초보전용] 역삼역 3분 직장인 취미 재즈 피아노 클래스,jazz_piano,매치 스튜디오,퇴근 후 쉽고 재밌게 재즈 피아노를 배워보세요,없음,personal,클래스 수강 이전 : 전액 환불\n클래스 시작 후 : 환불 불가,25000,8,185000
531,[초보전용] 역삼역 3분 직장인 취미 재즈 피아노 클래스,jazz_piano,매치 스튜디오,퇴근 후 쉽고 재밌게 재즈 피아노를 배워보세요,없음,personal,클래스 수강 이전 : 전액 환불\n클래스 시작 후 : 환불 불가,25000,8,185000
532,[초보전용] 역삼역 3분 직장인 취미 재즈 피아노 클래스,jazz_piano,매치 스튜디오,퇴근 후 쉽고 재밌게 재즈 피아노를 배워보세요,없음,personal,클래스 수강 이전 : 전액 환불\n클래스 시작 후 : 환불 불가,25000,8,185000
533,[초보전용] 역삼역 3분 직장인 취미 재즈 피아노 클래스,jazz_piano,매치 스튜디오,퇴근 후 쉽고 재밌게 재즈 피아노를 배워보세요,없음,personal,클래스 수강 이전 : 전액 환불\n클래스 시작 후 : 환불 불가,25000,8,185000
534,[초보전용] 역삼역 3분 직장인 취미 재즈 피아노 클래스,jazz_piano,매치 스튜디오,퇴근 후 쉽고 재밌게 재즈 피아노를 배워보세요,없음,personal,클래스 수강 이전 : 전액 환불\n클래스 시작 후 : 환불 불가,25000,8,185000
535,[초보전용] 역삼역 3분 직장인 취미 재즈 피아노 클래스,jazz_piano,매치 스튜디오,퇴근 후 쉽고 재밌게 재즈 피아노를 배워보세요,없음,personal,클래스 수강 이전 : 전액 환불\n클래스 시작 후 : 환불 불가,25000,8,185000
536,[초보전용] 역삼역 3분 직장인 취미 재즈 피아노 클래스,jazz_piano,매치 스튜디오,퇴근 후 쉽고 재밌게 재즈 피아노를 배워보세요,없음,personal,클래스 수강 이전 : 전액 환불\n클래스 시작 후 : 환불 불가,25000,8,185000
537,[초보전용] 역삼역 3분 직장인 취미 재즈 피아노 클래스,jazz_piano,매치 스튜디오,퇴근 후 쉽고 재밌게 재즈 피아노를 배워보세요,없음,personal,클래스 수강 이전 : 전액 환불\n클래스 시작 후 : 환불 불가,25000,8,185000
538,[초보전용] 역삼역 3분 직장인 취미 재즈 피아노 클래스,jazz_piano,매치 스튜디오,퇴근 후 쉽고 재밌게 재즈 피아노를 배워보세요,없음,personal,클래스 수강 이전 : 전액 환불\n클래스 시작 후 : 환불 불가,25000,8,185000
539,[초보전용] 역삼역 3분 직장인 취미 재즈 피아노 클래스,jazz_piano,매치 스튜디오,퇴근 후 쉽고 재밌게 재즈 피아노를 배워보세요,없음,personal,클래스 수강 이전 : 전액 환불\n클래스 시작 후 : 환불 불가,25000,8,185000
540,[초보전용] 역삼역 3분 직장인 취미 재즈 피아노 클래스,jazz_piano,매치 스튜디오,퇴근 후 쉽고 재밌게 재즈 피아노를 배워보세요,없음,personal,클래스 수강 이전 : 전액 환불\n클래스 시작 후 : 환불 불가,47000,4,185000
541,[초보전용] 역삼역 3분 직장인 취미 재즈 피아노 클래스,jazz_piano,매치 스튜디오,퇴근 후 쉽고 재밌게 재즈 피아노를 배워보세요,없음,personal,클래스 수강 이전 : 전액 환불\n클래스 시작 후 : 환불 불가,47000,4,185000
542,[초보전용] 역삼역 3분 직장인 취미 재즈 피아노 클래스,jazz_piano,매치 스튜디오,퇴근 후 쉽고 재밌게 재즈 피아노를 배워보세요,없음,personal,클래스 수강 이전 : 전액 환불\n클래스 시작 후 : 환불 불가,47000,4,185000
543,[초보전용] 역삼역 3분 직장인 취미 재즈 피아노 클래스,jazz_piano,매치 스튜디오,퇴근 후 쉽고 재밌게 재즈 피아노를 배워보세요,없음,personal,클래스 수강 이전 : 전액 환불\n클래스 시작 후 : 환불 불가,47000,4,185000
544,[초보전용] 역삼역 3분 직장인 취미 재즈 피아노 클래스,jazz_piano,매치 스튜디오,퇴근 후 쉽고 재밌게 재즈 피아노를 배워보세요,없음,personal,클래스 수강 이전 : 전액 환불\n클래스 시작 후 : 환불 불가,47000,4,185000
545,[초보전용] 역삼역 3분 직장인 취미 재즈 피아노 클래스,jazz_piano,매치 스튜디오,퇴근 후 쉽고 재밌게 재즈 피아노를 배워보세요,없음,personal,클래스 수강 이전 : 전액 환불\n클래스 시작 후 : 환불 불가,47000,4,185000
546,[초보전용] 역삼역 3분 직장인 취미 재즈 피아노 클래스,jazz_piano,매치 스튜디오,퇴근 후 쉽고 재밌게 재즈 피아노를 배워보세요,없음,personal,클래스 수강 이전 : 전액 환불\n클래스 시작 후 : 환불 불가,47000,4,185000
547,[초보전용] 역삼역 3분 직장인 취미 재즈 피아노 클래스,jazz_piano,매치 스튜디오,퇴근 후 쉽고 재밌게 재즈 피아노를 배워보세요,없음,personal,클래스 수강 이전 : 전액 환불\n클래스 시작 후 : 환불 불가,47000,4,185000
548,[초보전용] 역삼역 3분 직장인 취미 재즈 피아노 클래스,jazz_piano,매치 스튜디오,퇴근 후 쉽고 재밌게 재즈 피아노를 배워보세요,없음,personal,클래스 수강 이전 : 전액 환불\n클래스 시작 후 : 환불 불가,47000,4,185000
549,[초보전용] 역삼역 3분 직장인 취미 재즈 피아노 클래스,jazz_piano,매치 스튜디오,퇴근 후 쉽고 재밌게 재즈 피아노를 배워보세요,없음,personal,클래스 수강 이전 : 전액 환불\n클래스 시작 후 : 환불 불가,47000,4,185000
550,[초보전용] 역삼역 3분 직장인 취미 재즈 피아노 클래스,jazz_piano,매치 스튜디오,퇴근 후 쉽고 재밌게 재즈 피아노를 배워보세요,없음,personal,클래스 수강 이전 : 전액 환불\n클래스 시작 후 : 환불 불가,47000,4,185000
551,[초보전용] 역삼역 3분 직장인 취미 재즈 피아노 클래스,jazz_piano,매치 스튜디오,퇴근 후 쉽고 재밌게 재즈 피아노를 배워보세요,없음,personal,클래스 수강 이전 : 전액 환불\n클래스 시작 후 : 환불 불가,47000,4,185000
552,[초보반] 매봉역 5분 직장인 취미 전용 오카리나 클래스,music_etc,애플 기타 교습소,직장에서 받은 스트레스를 오카리나로 풀어보세요,없음,personal,클래스 수강 이전 : 전액 환불\n클래스 시작 후 : 환불 불가,15000,8,100000
553,[초보반] 매봉역 5분 직장인 취미 전용 오카리나 클래스,music_etc,애플 기타 교습소,직장에서 받은 스트레스를 오카리나로 풀어보세요,없음,personal,클래스 수강 이전 : 전액 환불\n클래스 시작 후 : 환불 불가,15000,8,100000
554,[초보반] 매봉역 5분 직장인 취미 전용 오카리나 클래스,music_etc,애플 기타 교습소,직장에서 받은 스트레스를 오카리나로 풀어보세요,없음,personal,클래스 수강 이전 : 전액 환불\n클래스 시작 후 : 환불 불가,15000,8,100000
555,[초보반] 매봉역 5분 직장인 취미 전용 오카리나 클래스,music_etc,애플 기타 교습소,직장에서 받은 스트레스를 오카리나로 풀어보세요,없음,personal,클래스 수강 이전 : 전액 환불\n클래스 시작 후 : 환불 불가,15000,8,100000
556,[초보반] 매봉역 5분 직장인 취미 전용 오카리나 클래스,music_etc,애플 기타 교습소,직장에서 받은 스트레스를 오카리나로 풀어보세요,없음,personal,클래스 수강 이전 : 전액 환불\n클래스 시작 후 : 환불 불가,15000,8,100000
557,[초보반] 매봉역 5분 직장인 취미 전용 오카리나 클래스,music_etc,애플 기타 교습소,직장에서 받은 스트레스를 오카리나로 풀어보세요,없음,personal,클래스 수강 이전 : 전액 환불\n클래스 시작 후 : 환불 불가,15000,8,100000
558,[초보반] 매봉역 5분 직장인 취미 전용 오카리나 클래스,music_etc,애플 기타 교습소,직장에서 받은 스트레스를 오카리나로 풀어보세요,없음,personal,클래스 수강 이전 : 전액 환불\n클래스 시작 후 : 환불 불가,15000,8,100000
559,[초보반] 매봉역 5분 직장인 취미 전용 오카리나 클래스,music_etc,애플 기타 교습소,직장에서 받은 스트레스를 오카리나로 풀어보세요,없음,personal,클래스 수강 이전 : 전액 환불\n클래스 시작 후 : 환불 불가,15000,8,100000
560,[초보반] 매봉역 5분 직장인 취미 전용 오카리나 클래스,music_etc,애플 기타 교습소,직장에서 받은 스트레스를 오카리나로 풀어보세요,없음,personal,클래스 수강 이전 : 전액 환불\n클래스 시작 후 : 환불 불가,15000,8,100000
561,[초보반] 매봉역 5분 직장인 취미 전용 오카리나 클래스,music_etc,애플 기타 교습소,직장에서 받은 스트레스를 오카리나로 풀어보세요,없음,personal,클래스 수강 이전 : 전액 환불\n클래스 시작 후 : 환불 불가,15000,8,100000
562,[초보반] 매봉역 5분 직장인 취미 전용 오카리나 클래스,music_etc,애플 기타 교습소,직장에서 받은 스트레스를 오카리나로 풀어보세요,없음,personal,클래스 수강 이전 : 전액 환불\n클래스 시작 후 : 환불 불가,15000,8,100000
563,[초보반] 매봉역 5분 직장인 취미 전용 오카리나 클래스,music_etc,애플 기타 교습소,직장에서 받은 스트레스를 오카리나로 풀어보세요,없음,personal,클래스 수강 이전 : 전액 환불\n클래스 시작 후 : 환불 불가,15000,8,100000
564,직장에서 받은 스트레스를 하모니카로 풀어보세요,music_etc,애플 기타 교습소,직장에서 받은 스트레스를 하모니카로 풀어보세요,없음,personal,클래스 수강 이전 : 전액 환불\n클래스 시작 후 : 환불 불가,15000,8,100000
565,직장에서 받은 스트레스를 하모니카로 풀어보세요,music_etc,애플 기타 교습소,직장에서 받은 스트레스를 하모니카로 풀어보세요,없음,personal,클래스 수강 이전 : 전액 환불\n클래스 시작 후 : 환불 불가,15000,8,100000
566,직장에서 받은 스트레스를 하모니카로 풀어보세요,music_etc,애플 기타 교습소,직장에서 받은 스트레스를 하모니카로 풀어보세요,없음,personal,클래스 수강 이전 : 전액 환불\n클래스 시작 후 : 환불 불가,15000,8,100000
567,직장에서 받은 스트레스를 하모니카로 풀어보세요,music_etc,애플 기타 교습소,직장에서 받은 스트레스를 하모니카로 풀어보세요,없음,personal,클래스 수강 이전 : 전액 환불\n클래스 시작 후 : 환불 불가,15000,8,100000
568,직장에서 받은 스트레스를 하모니카로 풀어보세요,music_etc,애플 기타 교습소,직장에서 받은 스트레스를 하모니카로 풀어보세요,없음,personal,클래스 수강 이전 : 전액 환불\n클래스 시작 후 : 환불 불가,15000,8,100000
569,직장에서 받은 스트레스를 하모니카로 풀어보세요,music_etc,애플 기타 교습소,직장에서 받은 스트레스를 하모니카로 풀어보세요,없음,personal,클래스 수강 이전 : 전액 환불\n클래스 시작 후 : 환불 불가,15000,8,100000
570,직장에서 받은 스트레스를 하모니카로 풀어보세요,music_etc,애플 기타 교습소,직장에서 받은 스트레스를 하모니카로 풀어보세요,없음,personal,클래스 수강 이전 : 전액 환불\n클래스 시작 후 : 환불 불가,15000,8,100000
571,직장에서 받은 스트레스를 하모니카로 풀어보세요,music_etc,애플 기타 교습소,직장에서 받은 스트레스를 하모니카로 풀어보세요,없음,personal,클래스 수강 이전 : 전액 환불\n클래스 시작 후 : 환불 불가,15000,8,100000
572,직장에서 받은 스트레스를 하모니카로 풀어보세요,music_etc,애플 기타 교습소,직장에서 받은 스트레스를 하모니카로 풀어보세요,없음,personal,클래스 수강 이전 : 전액 환불\n클래스 시작 후 : 환불 불가,15000,8,100000
573,직장에서 받은 스트레스를 하모니카로 풀어보세요,music_etc,애플 기타 교습소,직장에서 받은 스트레스를 하모니카로 풀어보세요,없음,personal,클래스 수강 이전 : 전액 환불\n클래스 시작 후 : 환불 불가,15000,8,100000
574,직장에서 받은 스트레스를 하모니카로 풀어보세요,music_etc,애플 기타 교습소,직장에서 받은 스트레스를 하모니카로 풀어보세요,없음,personal,클래스 수강 이전 : 전액 환불\n클래스 시작 후 : 환불 불가,15000,8,100000
575,직장에서 받은 스트레스를 하모니카로 풀어보세요,music_etc,애플 기타 교습소,직장에서 받은 스트레스를 하모니카로 풀어보세요,없음,personal,클래스 수강 이전 : 전액 환불\n클래스 시작 후 : 환불 불가,15000,8,100000
576,강남역 5분 남녀노소 누구나 쉽게 배우는 최신 KPOP 댄스 클래스,kpop,LP 댄스,남녀노소 누구나 가장 배우고 싶어하는 댄스! 최신 방송댄스 완곡을 바로바로 배워보자,없음,group,클래스 수강 이전 : 전액 환불\n클래스 시작 후 : 환불 불가,10000,12,100000
577,강남역 5분 남녀노소 누구나 쉽게 배우는 최신 KPOP 댄스 클래스,kpop,LP 댄스,남녀노소 누구나 가장 배우고 싶어하는 댄스! 최신 방송댄스 완곡을 바로바로 배워보자,없음,group,클래스 수강 이전 : 전액 환불\n클래스 시작 후 : 환불 불가,10000,12,100000
578,강남역 5분 남녀노소 누구나 쉽게 배우는 최신 KPOP 댄스 클래스,kpop,LP 댄스,남녀노소 누구나 가장 배우고 싶어하는 댄스! 최신 방송댄스 완곡을 바로바로 배워보자,없음,group,클래스 수강 이전 : 전액 환불\n클래스 시작 후 : 환불 불가,15000,8,90000
579,강남역 5분 남녀노소 누구나 쉽게 배우는 최신 KPOP 댄스 클래스,kpop,LP 댄스,남녀노소 누구나 가장 배우고 싶어하는 댄스! 최신 방송댄스 완곡을 바로바로 배워보자,없음,group,클래스 수강 이전 : 전액 환불\n클래스 시작 후 : 환불 불가,15000,8,90000
580,강남역 5분 남녀노소 누구나 쉽게 배우는 최신 KPOP 댄스 클래스,kpop,LP 댄스,남녀노소 누구나 가장 배우고 싶어하는 댄스! 최신 방송댄스 완곡을 바로바로 배워보자,없음,group,클래스 수강 이전 : 전액 환불\n클래스 시작 후 : 환불 불가,25000,4,80000
581,강남역 5분 남녀노소 누구나 쉽게 배우는 최신 KPOP 댄스 클래스,kpop,LP 댄스,남녀노소 누구나 가장 배우고 싶어하는 댄스! 최신 방송댄스 완곡을 바로바로 배워보자,없음,group,클래스 수강 이전 : 전액 환불\n클래스 시작 후 : 환불 불가,25000,4,80000
582,최신 KPOP을 바로바로 배우는 KPOP 댄스 클래스,kpop,에이뮤즈,최신 유행하는 트렌드를 바로바로 몸으로 배워보는 KPOP 댄스!,없음,group,클래스 수강 이전 : 전액 환불\n클래스 시작 후 : 환불 불가,20000,12,150000
583,최신 KPOP을 바로바로 배우는 KPOP 댄스 클래스,kpop,에이뮤즈,최신 유행하는 트렌드를 바로바로 몸으로 배워보는 KPOP 댄스!,없음,group,클래스 수강 이전 : 전액 환불\n클래스 시작 후 : 환불 불가,20000,12,150000
584,최신 유행 여성 KPOP 댄스 클래스,kpop,데프댄스스쿨,"섹시한 웨이브, 골반 등 클럽에서 필요한 멋진 기본기! 그리고 최신 유행하는 KPOP 댄스를 동시에",없음,group,클래스 수강 이전 : 전액 환불\n클래스 시작 후 : 환불 불가,15000,12,130000
585,최신 유행 KPOP 댄스 클래스,kpop,데프댄스스쿨,"최신 유행하는 KPOP 댄스로 다이어트하고 학교나 회사에서 인기남, 인기녀 되기!",없음,group,클래스 수강 이전 : 전액 환불\n클래스 시작 후 : 환불 불가,15000,12,130000
586,최신 유행 여성 KPOP 댄스 클래스,kpop,데프댄스스쿨,"섹시한 웨이브, 골반 등 클럽에서 필요한 멋진 기본기! 그리고 최신 유행하는 KPOP 댄스를 동시에",없음,group,클래스 수강 이전 : 전액 환불\n클래스 시작 후 : 환불 불가,15000,12,130000
587,최신 유행 KPOP 댄스 클래스,kpop,데프댄스스쿨,"최신 유행하는 KPOP 댄스로 다이어트하고 학교나 회사에서 인기남, 인기녀 되기!",없음,group,클래스 수강 이전 : 전액 환불\n클래스 시작 후 : 환불 불가,15000,8,110000
588,최신 유행 여성 KPOP 댄스 클래스,kpop,데프댄스스쿨,"섹시한 웨이브, 골반 등 클럽에서 필요한 멋진 기본기! 그리고 최신 유행하는 KPOP 댄스를 동시에",없음,group,클래스 수강 이전 : 전액 환불\n클래스 시작 후 : 환불 불가,15000,8,110000
589,최신 유행 여성 KPOP 댄스 클래스,kpop,데프댄스스쿨,"섹시한 웨이브, 골반 등 클럽에서 필요한 멋진 기본기! 그리고 최신 유행하는 KPOP 댄스를 동시에",없음,group,클래스 수강 이전 : 전액 환불\n클래스 시작 후 : 환불 불가,15000,8,110000
590,최신 유행 KPOP 댄스 클래스,kpop,데프댄스스쿨,"최신 유행하는 KPOP 댄스로 다이어트하고 학교나 회사에서 인기남, 인기녀 되기!",없음,group,클래스 수강 이전 : 전액 환불\n클래스 시작 후 : 환불 불가,15000,8,110000
591,최신 걸그룹 KPOP 클래스,kpop,김영우댄스아카데미,"최신 유행하는 걸그룹 KPOP 노래를 따라서, 나도 이젠 에이핑크!",없음,group,클래스 수강 이전 : 전액 환불\n클래스 시작 후 : 환불 불가,27000,8,200000
592,"EXO야 기다려라, KPOP 클래스",kpop,김영우댄스아카데미,엑소 그리고 방탄소년단이 멀지 않았다! 최신 유행 KPOP을 신나게 배워보자!,없음,group,클래스 수강 이전 : 전액 환불\n클래스 시작 후 : 환불 불가,55000,4,200000
593,KPOP 추며 흘리는 땀 만큼 풀리는 스트레스,kpop,ING 댄스 아카데미,최신음악에 맞춰 유행하는 춤을 배우고 스트레스 풀고 땀 흘리자! 처음 춤을 배우는 사람도 쉽게 쉽게 배울 수 있습니다,없음,group,클래스 수강 이전 : 전액 환불\n클래스 시작 후 : 환불 불가,20000,12,120000
594,KPOP 추며 흘리는 땀 만큼 풀리는 스트레스,kpop,ING 댄스 아카데미,최신음악에 맞춰 유행하는 춤을 배우고 스트레스 풀고 땀 흘리자! 처음 춤을 배우는 사람도 쉽게 쉽게 배울 수 있습니다,없음,group,클래스 수강 이전 : 전액 환불\n클래스 시작 후 : 환불 불가,20000,8,90000
595,KPOP 추며 흘리는 땀 만큼 풀리는 스트레스,kpop,ING 댄스 아카데미,최신음악에 맞춰 유행하는 춤을 배우고 스트레스 풀고 땀 흘리자! 처음 춤을 배우는 사람도 쉽게 쉽게 배울 수 있습니다,없음,group,클래스 수강 이전 : 전액 환불\n클래스 시작 후 : 환불 불가,20000,8,90000
596,최신 노래를 바로 바로 배우는 KPOP 클래스,kpop,위너스 댄스 스쿨,최신 노래 안무는 다 따라 출 수 있게 된다는 바로 그 클래스! KPOP 클래스!,없음,group,클래스 수강 이전 : 전액 환불\n클래스 시작 후 : 환불 불가,10000,12,100000
597,여성적이고 파워풀한 걸스 힙합 클래스,girls_hiphop,LP 댄스,최신 팝 음악을 여성적이고 파워풀하게 해석한 걸스힙합!,없음,group,클래스 수강 이전 : 전액 환불\n클래스 시작 후 : 환불 불가,15000,8,90000
598,"섹시, 파워풀 걸스 힙합 클래스",girls_hiphop,에이뮤즈,섹시하면서도 파워풀한! 걸스힙합으로 매력이 넘치는 여성이 되자!,없음,group,클래스 수강 이전 : 전액 환불\n클래스 시작 후 : 환불 불가,20000,8,120000
599,기본기부터 차근 차근 배우는 걸스 힙합 클래스,girls_hiphop,데프댄스스쿨,"섹시 웨이브, 골반 등 클럽에서 필요한 멋진 기본기! 그리고 멋진 안무!",없음,group,클래스 수강 이전 : 전액 환불\n클래스 시작 후 : 환불 불가,15000,12,130000
600,기본기부터 차근 차근 배우는 걸스 힙합 클래스,girls_hiphop,데프댄스스쿨,"섹시 웨이브, 골반 등 클럽에서 필요한 멋진 기본기! 그리고 멋진 안무!",없음,group,클래스 수강 이전 : 전액 환불\n클래스 시작 후 : 환불 불가,15000,8,110000
601,기본기부터 차근 차근 배우는 걸스 힙합 클래스,girls_hiphop,데프댄스스쿨,"섹시 웨이브, 골반 등 클럽에서 필요한 멋진 기본기! 그리고 멋진 안무!",없음,group,클래스 수강 이전 : 전액 환불\n클래스 시작 후 : 환불 불가,15000,8,110000
602,섹시와 그루브의 걸스힙합 클래스,girls_hiphop,김영우댄스아카데미,여성적인 섹시함과 힙합의 그루브한 리듬감을 동시에!,없음,group,클래스 수강 이전 : 전액 환불\n클래스 시작 후 : 환불 불가,55000,4,200000
603,여성의 라인을 돋보이게 하는 걸스 클래스,girls_hiphop,ING 댄스 아카데미,힙합을 기본으로 하고 여성의 라인이 더욱 돋보이는 체계적인 댄스!,없음,group,클래스 수강 이전 : 전액 환불\n클래스 시작 후 : 환불 불가,20000,12,120000
604,섹시 스웨거! 걸스 힙합 클래스,girls_hiphop,위너스 댄스 스쿨,힙합의 스웨거와 섹시를 모두 느낄 수 있는 여성을 위한 최고의 댄스 클래스! 걸스 힙합,없음,group,클래스 수강 이전 : 전액 환불\n클래스 시작 후 : 환불 불가,15000,8,100000
605,섹시 스웨거! 걸스 힙합 클래스,girls_hiphop,위너스 댄스 스쿨,힙합의 스웨거와 섹시를 모두 느낄 수 있는 여성을 위한 최고의 댄스 클래스! 걸스 힙합,없음,group,클래스 수강 이전 : 전액 환불\n클래스 시작 후 : 환불 불가,15000,8,100000
606,스타일리쉬한 힙합을 클럽 팝음악에 맞춰서 배우자,urban_hiphop,LP 댄스,스타일리쉬한 힙합을 팝에 맞춰 배우는 얼반 힙합 클래스,없음,group,클래스 수강 이전 : 전액 환불\n클래스 시작 후 : 환불 불가,10000,12,100000
607,"리듬, 업다운, 바운스, 문워킹, 웨이브 LA 스타일의 힙합 기초부터 멋진 안무까지!! 정통부터 최신 유행하는 힙합의 모든 것을 배운다",urban_hiphop,데프댄스스쿨,멋진 안무로 배우는 얼반 힙합 클래스,없음,group,클래스 수강 이전 : 전액 환불\n클래스 시작 후 : 환불 불가,15000,12,130000
608,"리듬, 업다운, 바운스, 문워킹, 웨이브 LA 스타일의 힙합 기초부터 멋진 안무까지!! 정통부터 최신 유행하는 힙합의 모든 것을 배운다",urban_hiphop,데프댄스스쿨,멋진 안무로 배우는 얼반 힙합 클래스,없음,group,클래스 수강 이전 : 전액 환불\n클래스 시작 후 : 환불 불가,15000,8,110000
609,"리듬, 업다운, 바운스, 문워킹, 웨이브 LA 스타일의 힙합 기초부터 멋진 안무까지!! 정통부터 최신 유행하는 힙합의 모든 것을 배운다",urban_hiphop,데프댄스스쿨,멋진 안무로 배우는 얼반 힙합 클래스,없음,group,클래스 수강 이전 : 전액 환불\n클래스 시작 후 : 환불 불가,15000,8,110000
610,"리듬, 업다운, 바운스, 문워킹, 웨이브 LA 스타일의 힙합 기초부터 멋진 안무까지!! 정통부터 최신 유행하는 힙합의 모든 것을 배운다",urban_hiphop,데프댄스스쿨,멋진 안무로 배우는 얼반 힙합 클래스,없음,group,클래스 수강 이전 : 전액 환불\n클래스 시작 후 : 환불 불가,15000,8,110000
611,"리듬, 업다운, 바운스, 문워킹, 웨이브 LA 스타일의 힙합 기초부터 멋진 안무까지!! 정통부터 최신 유행하는 힙합의 모든 것을 배운다",urban_hiphop,데프댄스스쿨,멋진 안무로 배우는 얼반 힙합 클래스,없음,group,클래스 수강 이전 : 전액 환불\n클래스 시작 후 : 환불 불가,15000,8,110000
612,모든 댄스의 기본이 되는 힙합 댄스를 정말 쉽고 재밌게 배워보자!,urban_hiphop,위너스 댄스 스쿨,몸치 탈출! 재밌는 안무로 댄스의 기본을 배우는 얼반 힙합,없음,group,클래스 수강 이전 : 전액 환불\n클래스 시작 후 : 환불 불가,20000,8,100000
613,"바운스, 업다운 과 같은 힙합 기본기부터 시작해서 유명안무가의 안무까지 한달이면 오케이",urban_hiphop,위너스 댄스 스쿨,몸치 탈출! 재밌는 안무로 댄스의 기본을 배우는 얼반 힙합,없음,group,클래스 수강 이전 : 전액 환불\n클래스 시작 후 : 환불 불가,20000,8,100000
614,"바운스, 업다운 과 같은 힙합 기본기부터 시작해서 유명안무가의 안무까지 한달이면 오케이",urban_hiphop,위너스 댄스 스쿨,몸치 탈출! 재밌는 안무로 댄스의 기본을 배우는 얼반 힙합,없음,group,클래스 수강 이전 : 전액 환불\n클래스 시작 후 : 환불 불가,20000,8,100000
615,팝 음악에 맞춰 추는 다이나믹하고 파워풀한 재즈 댄스 클래스,jazz_dance,LP 댄스,전통 재즈댄스에 세련된 팝 음악을 접목한 멋지고 다이나믹한 재즈댄스!,없음,group,클래스 수강 이전 : 전액 환불\n클래스 시작 후 : 환불 불가,10000,12,100000
616,팝 음악에 맞춰 추는 다이나믹하고 파워풀한 재즈 댄스 클래스,jazz_dance,LP 댄스,전통 재즈댄스에 세련된 팝 음악을 접목한 멋지고 다이나믹한 재즈댄스!,없음,group,클래스 수강 이전 : 전액 환불\n클래스 시작 후 : 환불 불가,25000,4,80000
617,파워와 다이나믹 함이 묻어나는 재즈 댄스 클래스,jazz_dance,에이뮤즈,재즈댄스만의 다이나믹하고 파워풀한 매력을 느껴보자!,없음,group,클래스 수강 이전 : 전액 환불\n클래스 시작 후 : 환불 불가,20000,8,120000
618,기초 부터 쉽게 쉽게 배우는 팝핀 클래스,dance_etc,데프댄스스쿨,팝핀을 처음 시작하는 분들을 위한 클래스! 팝핀과 부갈루 기초의 모든 걸 배울 수 있습니다,없음,group,클래스 수강 이전 : 전액 환불\n클래스 시작 후 : 환불 불가,15000,12,130000
619,파워풀함의 끝을 보여주는 크럼프 클래스,dance_etc,데프댄스스쿨,크럼프의 디테일을 배우고 싶은분들을 위한 반으로 기초와 응용동작의 모든 걸 배울 수 있습니다!,없음,group,클래스 수강 이전 : 전액 환불\n클래스 시작 후 : 환불 불가,17000,8,130000
620,기초 부터 쉽게 쉽게 배우는 팝핀 클래스,dance_etc,데프댄스스쿨,팝핀을 처음 시작하는 분들을 위한 클래스! 팝핀과 부갈루 기초의 모든 걸 배울 수 있습니다,없음,group,클래스 수강 이전 : 전액 환불\n클래스 시작 후 : 환불 불가,17000,8,120000
621,남자라면 한번쯤은 해보고 싶었던 비보이 클래스,dance_etc,데프댄스스쿨,비보이 기술의 모든 것을 차근차근 기초부터 배워보자!,없음,group,클래스 수강 이전 : 전액 환불\n클래스 시작 후 : 환불 불가,17000,8,120000
622,빠른 동작과 신나는 음악! 락킹 클래스,dance_etc,위너스 댄스 스쿨,빠르고 펑키한 춤 락킹! 여성뿐만 아니라 남성도 재밌게 배울 수 있습니다!,없음,group,클래스 수강 이전 : 전액 환불\n클래스 시작 후 : 환불 불가,20000,8,100000
623,여자라면 걸스보다는 왁킹! 왁킹 클래스,dance_etc,위너스 댄스 스쿨,진정한 여성을 위한 춤! 여성이라면 힙합보다 왁킹!,없음,group,클래스 수강 이전 : 전액 환불\n클래스 시작 후 : 환불 불가,20000,8,100000
